Genes,Pathway name,Reference,P-Value
SHMT2;CBS,Trans-sulfuration and one-carbon metabolism WP2525,WikiPathway,0.00004
SHMT2;CBS,"Glycine, serine and threonine metabolism",KEGG,0.00008
SHMT2;CBS,Vitamin B12 metabolism WP1533,WikiPathway,0.0001
MT2A;MT1X,Metallothioneins bind metals,Reactom,0.0002
MT2A;MT1X,Response to metal ions,Reactom,0.0003
CBS,Folate-Alcohol and Cancer Pathway Hypotheses WP1589,WikiPathway,0.003
CBS,Cysteine formation from homocysteine,Reactom,0.004
KLHDC7B,Formation of the Editosome,Reactom,0.0108
KLHDC7B,mRNA Editing: C to U Conversion,Reactom,0.0116
