Pathway identifier,Pathway name,#Entities found,#Entities total,#Interactors found,#Interactors total,Entities ratio,Entities pValue,Entities FDR,#Reactions found,#Reactions total,Reactions ratio,Species identifier,Species name,Submitted entities found,Mapped entities,Submitted entities hit interactor,Interacts with,Found reaction identifiers
R-HSA-480985,"Synthesis of dolichyl-phosphate-glucose",1,2,1,11,1.7230981304385286E-4,0.005759062780990476,0.13711401515541954,1,2,1.4884274763712137E-4,9606,Homo sapiens,"NUDT14","O95848",NUDT14,O95848,"R-HSA-6810464"
R-HSA-6803207,"TP53 Regulates Transcription of Caspase Activators and Caspases",0,12,2,276,0.001033858878263117,0.007573848607903555,0.13711401515541954,2,17,0.0012651633549155318,9606,Homo sapiens,"","",POLR2I;BRAT1,P55212;Q13315,"R-HSA-6798126;R-HSA-6800490"
R-HSA-167242,"Abortive elongation of HIV-1 transcript in the absence of Tat",1,23,0,0,0.001981562850004308,0.011012285069703864,0.13711401515541954,2,2,1.4884274763712137E-4,9606,Homo sapiens,"POLR2I","P36954",,,"R-HSA-167147;R-HSA-167087"
R-HSA-203927,"MicroRNA (miRNA) biogenesis",1,24,0,1,0.002067717756526234,0.011964761126906365,0.13711401515541954,1,8,5.953709905484855E-4,9606,Homo sapiens,"POLR2I","P36954",,,"R-HSA-203901"
R-HSA-8851708,"Signaling by FGFR2 IIIa TM",1,23,0,7,0.001981562850004308,0.013391946386112852,0.13711401515541954,1,2,1.4884274763712137E-4,9606,Homo sapiens,"POLR2I","P36954",,,"R-HSA-8851710"
R-HSA-167243,"Tat-mediated HIV elongation arrest and recovery",1,35,0,0,0.003015421728267425,0.016714921486188583,0.13711401515541954,3,3,2.2326412145568208E-4,9606,Homo sapiens,"POLR2I","P36954",,,"R-HSA-167090;R-HSA-167459;R-HSA-167148"
R-HSA-167238,"Pausing and recovery of Tat-mediated HIV elongation",1,35,0,0,0.003015421728267425,0.016714921486188583,0.13711401515541954,2,2,1.4884274763712137E-4,9606,Homo sapiens,"POLR2I","P36954",,,"R-HSA-167076;R-HSA-167150"
R-HSA-167158,"Formation of the HIV-1 Early Elongation Complex",1,33,0,5,0.002843111915223572,0.01718881918016968,0.13711401515541954,5,5,3.7210686909280345E-4,9606,Homo sapiens,"POLR2I","P36954",,,"R-HSA-167072;R-HSA-167089;R-HSA-167478;R-HSA-167083;R-HSA-167085"
R-HSA-113418,"Formation of the Early Elongation Complex",1,33,0,5,0.002843111915223572,0.01718881918016968,0.13711401515541954,3,3,2.2326412145568208E-4,9606,Homo sapiens,"POLR2I","P36954",,,"R-HSA-113402;R-HSA-113407;R-HSA-112383"
R-HSA-167287,"HIV elongation arrest and recovery",1,36,0,0,0.0031015766347893513,0.01718881918016968,0.13711401515541954,3,3,2.2326412145568208E-4,9606,Homo sapiens,"POLR2I","P36954",,,"R-HSA-167284;R-HSA-167288;R-HSA-167481"
R-HSA-167290,"Pausing and recovery of HIV elongation",1,36,0,0,0.0031015766347893513,0.01718881918016968,0.13711401515541954,2,2,1.4884274763712137E-4,9606,Homo sapiens,"POLR2I","P36954",,,"R-HSA-167282;R-HSA-167292"
R-HSA-5601884,"PIWI-interacting RNA (piRNA) biogenesis",1,29,0,11,0.0024984922891358665,0.01908238041588539,0.13711401515541954,1,15,0.0011163206072784104,9606,Homo sapiens,"POLR2I","P36954",,,"R-HSA-5601926"
R-HSA-1839126,"FGFR2 mutant receptor activation",1,38,0,7,0.0032738864478332043,0.02002794437462374,0.13711401515541954,1,18,0.0013395847287340924,9606,Homo sapiens,"POLR2I","P36954",,,"R-HSA-8851710"
R-HSA-8939211,"ESR-mediated signaling",1,196,2,1162,0.01688636167829758,0.020599783448747133,0.13711401515541954,6,109,0.008111929746223115,9606,Homo sapiens,"POLR2I","P36954",FOXE1;TRERF1,Q13547;P19419,"R-HSA-9009065;R-HSA-9012315;R-HSA-9625479;R-HSA-9012319;R-HSA-198731;R-HSA-9011971"
R-HSA-9699150,"Defective DNA double strand break response due to BARD1 loss of function",0,2,1,44,1.7230981304385286E-4,0.020972698038126292,0.13711401515541954,1,1,7.442137381856069E-5,9606,Homo sapiens,"","",BRAT1,P38398,"R-HSA-9699163"
R-HSA-167160,"RNA Pol II CTD phosphorylation and interaction with CE during HIV infection",1,27,0,22,0.0023261824760920135,0.021916642014040644,0.13711401515541954,5,5,3.7210686909280345E-4,9606,Homo sapiens,"POLR2I","P36954",,,"R-HSA-167153;R-HSA-167111;R-HSA-167098;R-HSA-167128;R-HSA-167133"
R-HSA-77075,"RNA Pol II CTD phosphorylation and interaction with CE",1,27,0,22,0.0023261824760920135,0.021916642014040644,0.13711401515541954,5,5,3.7210686909280345E-4,9606,Homo sapiens,"POLR2I","P36954",,,"R-HSA-77073;R-HSA-113430;R-HSA-77069;R-HSA-77068;R-HSA-77071"
R-HSA-75953,"RNA Polymerase II Transcription Initiation",1,47,0,0,0.004049280606530542,0.02238831055893431,0.13711401515541954,3,3,2.2326412145568208E-4,9606,Homo sapiens,"POLR2I","P36954",,,"R-HSA-75861;R-HSA-75864;R-HSA-75866"
R-HSA-198753,"ERK/MAPK targets",0,22,1,33,0.0018954079434823814,0.025684333181046015,0.13711401515541954,1,7,5.209496167299249E-4,9606,Homo sapiens,"","",FOXE1,P19419,"R-HSA-198731"
R-HSA-168325,"Viral Messenger RNA Synthesis",1,52,0,7,0.004480055139140174,0.026154386294600096,0.13711401515541954,1,5,3.7210686909280345E-4,9606,Homo sapiens,"POLR2I","P36954",,,"R-HSA-168326"
R-HSA-167152,"Formation of HIV elongation complex in the absence of HIV Tat",1,48,0,9,0.004135435513052468,0.026624237820031205,0.13711401515541954,2,2,1.4884274763712137E-4,9606,Homo sapiens,"POLR2I","P36954",,,"R-HSA-167077;R-HSA-167084"
R-HSA-5633008,"TP53 Regulates Transcription of Cell Death Genes",0,44,2,527,0.003790815886964763,0.027309975146800447,0.13711401515541954,3,67,0.004986232045843566,9606,Homo sapiens,"","",POLR2I;BRAT1,P55212;Q13315,"R-HSA-6798126;R-HSA-6800490;R-HSA-6799097"
R-HSA-6782210,"Gap-filling DNA repair synthesis and ligation in TC-NER",1,64,0,0,0.0055139140174032914,0.030375801924056423,0.13711401515541954,2,2,1.4884274763712137E-4,9606,Homo sapiens,"POLR2I","P36954",,,"R-HSA-6782227;R-HSA-6782208"
R-HSA-6784531,"tRNA processing in the nucleus",1,62,0,5,0.005341604204359438,0.03131168235874382,0.13711401515541954,1,7,5.209496167299249E-4,9606,Homo sapiens,"TSEN54","Q7Z6J9",,,"R-HSA-5696813"
R-HSA-167246,"Tat-mediated elongation of the HIV-1 transcript",1,47,0,33,0.004049280606530542,0.03644468676021184,0.13711401515541954,7,8,5.953709905484855E-4,9606,Homo sapiens,"POLR2I","P36954",,,"R-HSA-170706;R-HSA-170704;R-HSA-167191;R-HSA-167192;R-HSA-167196;R-HSA-167197;R-HSA-167181"
R-HSA-167200,"Formation of HIV-1 elongation complex containing HIV-1 Tat",1,47,0,33,0.004049280606530542,0.03644468676021184,0.13711401515541954,4,5,3.7210686909280345E-4,9606,Homo sapiens,"POLR2I","P36954",,,"R-HSA-170706;R-HSA-170704;R-HSA-167191;R-HSA-167196"
R-HSA-9006931,"Signaling by Nuclear Receptors",1,273,2,1419,0.023520289480485915,0.036826752491403436,0.13711401515541954,6,190,0.014140061025526531,9606,Homo sapiens,"POLR2I","P36954",FOXE1;TRERF1,Q13547;P19419,"R-HSA-9009065;R-HSA-9012315;R-HSA-9625479;R-HSA-9012319;R-HSA-198731;R-HSA-9011971"
R-HSA-167169,"HIV Transcription Elongation",1,47,0,38,0.004049280606530542,0.037840394322529725,0.13711401515541954,14,15,0.0011163206072784104,9606,Homo sapiens,"POLR2I","P36954",,,"R-HSA-167072;R-HSA-167147;R-HSA-167083;R-HSA-167087;R-HSA-167181;R-HSA-167085;R-HSA-170706;R-HSA-170704;R-HSA-167089;R-HSA-167478;R-HSA-167191;R-HSA-167192;R-HSA-167196;R-HSA-167197"
R-HSA-6782135,"Dual incision in TC-NER",1,65,0,23,0.005600068923925217,0.03923430454748478,0.13711401515541954,7,7,5.209496167299249E-4,9606,Homo sapiens,"POLR2I","P36954",,,"R-HSA-6782211;R-HSA-6782131;R-HSA-9684118;R-HSA-6782224;R-HSA-6782141;R-HSA-6782204;R-HSA-6782138"
R-HSA-349425,"Autodegradation of the E3 ubiquitin ligase COP1",0,52,1,35,0.004480055139140174,0.040626419460625174,0.13711401515541954,1,5,3.7210686909280345E-4,9606,Homo sapiens,"","",BRAT1,Q13315,"R-HSA-349444"
R-HSA-72086,"mRNA Capping",1,29,0,63,0.0024984922891358665,0.04109005915663777,0.13711401515541954,10,11,8.186351120041676E-4,9606,Homo sapiens,"POLR2I","P36954",,,"R-HSA-77073;R-HSA-77090;R-HSA-77077;R-HSA-77095;R-HSA-77078;R-HSA-77081;R-HSA-77083;R-HSA-77069;R-HSA-77085;R-HSA-77068"
R-HSA-76042,"RNA Polymerase II Transcription Initiation And Promoter Clearance",1,47,0,53,0.004049280606530542,0.04617696643757152,0.13711401515541954,11,11,8.186351120041676E-4,9606,Homo sapiens,"POLR2I","P36954",,,"R-HSA-75873;R-HSA-111264;R-HSA-76576;R-HSA-75861;R-HSA-9613494;R-HSA-75864;R-HSA-75866;R-HSA-75850;R-HSA-9613497;R-HSA-75949;R-HSA-75869"
R-HSA-167162,"RNA Polymerase II HIV Promoter Escape",1,47,0,53,0.004049280606530542,0.04617696643757152,0.13711401515541954,9,9,6.697923643670462E-4,9606,Homo sapiens,"POLR2I","P36954",,,"R-HSA-167474;R-HSA-9613490;R-HSA-167136;R-HSA-167121;R-HSA-9613498;R-HSA-167115;R-HSA-167113;R-HSA-167468;R-HSA-167117"
R-HSA-73776,"RNA Polymerase II Promoter Escape",1,47,0,53,0.004049280606530542,0.04617696643757152,0.13711401515541954,7,7,5.209496167299249E-4,9606,Homo sapiens,"POLR2I","P36954",,,"R-HSA-75873;R-HSA-111264;R-HSA-76576;R-HSA-9613494;R-HSA-75850;R-HSA-9613497;R-HSA-75869"
R-HSA-167161,"HIV Transcription Initiation",1,47,0,53,0.004049280606530542,0.04617696643757152,0.13711401515541954,4,4,2.9768549527424274E-4,9606,Homo sapiens,"POLR2I","P36954",,,"R-HSA-167477;R-HSA-167130;R-HSA-167134;R-HSA-167118"
R-HSA-73779,"RNA Polymerase II Transcription Pre-Initiation And Promoter Opening",1,47,0,53,0.004049280606530542,0.04617696643757152,0.13711401515541954,3,5,3.7210686909280345E-4,9606,Homo sapiens,"POLR2I","P36954",,,"R-HSA-109639;R-HSA-75095;R-HSA-109638"
R-HSA-5578749,"Transcriptional regulation by small RNAs",1,80,0,20,0.006892392521754114,0.04617696643757152,0.13711401515541954,1,5,3.7210686909280345E-4,9606,Homo sapiens,"POLR2I","P36954",,,"R-HSA-5578742"
R-HSA-5655253,"Signaling by FGFR2 in disease",1,49,0,56,0.004221590419574395,0.04617696643757152,0.13711401515541954,1,28,0.0020837984669196995,9606,Homo sapiens,"POLR2I","P36954",,,"R-HSA-8851710"
R-HSA-5693548,"Sensing of DNA Double Strand Breaks",0,6,1,98,5.169294391315585E-4,0.04709927711617723,0.13711401515541954,1,8,5.953709905484855E-4,9606,Homo sapiens,"","",BRAT1,Q13315,"R-HSA-5693540"
R-HSA-3214842,"HDMs demethylate histones",1,26,0,78,0.002240027569570087,0.04756013510643986,0.13711401515541954,2,17,0.0012651633549155318,9606,Homo sapiens,"PHF2","O75151",,,"R-HSA-4724284;R-HSA-5661115"
R-HSA-6803529,"FGFR2 alternative splicing",1,26,0,83,0.002240027569570087,0.04940158648007131,0.13711401515541954,4,4,2.9768549527424274E-4,9606,Homo sapiens,"POLR2I","P36954",,,"R-HSA-6803527;R-HSA-6803523;R-HSA-6803838;R-HSA-6803836"
R-HSA-6781823,"Formation of TC-NER Pre-Incision Complex",1,53,0,81,0.0045662100456621,0.06129407713862245,0.13711401515541954,7,7,5.209496167299249E-4,9606,Homo sapiens,"POLR2I","P36954",,,"R-HSA-6782069;R-HSA-6782004;R-HSA-6781840;R-HSA-6781824;R-HSA-6781867;R-HSA-6781818;R-HSA-6781833"
R-HSA-446219,"Synthesis of substrates in N-glycan biosythesis",1,63,1,71,0.005427759110881365,0.061748827549997665,0.13711401515541954,1,41,0.0030512763265609882,9606,Homo sapiens,"NUDT14","O95848",NUDT14,O95848,"R-HSA-6810464"
R-HSA-72165,"mRNA Splicing - Minor Pathway",1,52,0,86,0.004480055139140174,0.06401964357646506,0.13711401515541954,5,5,3.7210686909280345E-4,9606,Homo sapiens,"POLR2I","P36954",,,"R-HSA-75079;R-HSA-75081;R-HSA-75080;R-HSA-75083;R-HSA-75082"
R-HSA-9675136,"Diseases of DNA Double-Strand Break Repair",0,41,1,110,0.0035323511673989835,0.06628557297700832,0.13711401515541954,1,9,6.697923643670462E-4,9606,Homo sapiens,"","",BRAT1,P38398,"R-HSA-9699163"
R-HSA-112382,"Formation of RNA Pol II elongation complex ",1,61,0,96,0.005255449297837512,0.06673817327219111,0.13711401515541954,2,2,1.4884274763712137E-4,9606,Homo sapiens,"POLR2I","P36954",,,"R-HSA-112379;R-HSA-112381"
R-HSA-75955,"RNA Polymerase II Transcription Elongation",1,61,0,101,0.005255449297837512,0.06809480431214554,0.13711401515541954,8,8,5.953709905484855E-4,9606,Homo sapiens,"POLR2I","P36954",,,"R-HSA-112385;R-HSA-113412;R-HSA-112379;R-HSA-113402;R-HSA-112381;R-HSA-112396;R-HSA-113407;R-HSA-112383"
R-HSA-9670095,"Inhibition of DNA recombination at telomere",1,48,0,106,0.004135435513052468,0.06899825086916556,0.13711401515541954,1,4,2.9768549527424274E-4,9606,Homo sapiens,"POLR2I","P36954",,,"R-HSA-9670149"
R-HSA-6803204,"TP53 Regulates Transcription of Genes Involved in Cytochrome C Release",0,20,1,139,0.0017230981304385284,0.07170392114819446,0.13711401515541954,1,25,0.0018605343454640173,9606,Homo sapiens,"","",BRAT1,Q13315,"R-HSA-6799097"
R-HSA-6781827,"Transcription-Coupled Nucleotide Excision Repair (TC-NER)",1,78,0,88,0.006720082708710261,0.07395330477517181,0.13711401515541954,17,17,0.0012651633549155318,9606,Homo sapiens,"POLR2I","P36954",,,"R-HSA-6782211;R-HSA-9684118;R-HSA-6781824;R-HSA-6782208;R-HSA-6781867;R-HSA-6781833;R-HSA-6782069;R-HSA-6782004;R-HSA-6782131;R-HSA-6782227;R-HSA-6782224;R-HSA-6781840;R-HSA-6782141;R-HSA-6782204;R-HSA-6782138;R-HSA-6781818;R-HSA-6782234"
R-HSA-211000,"Gene Silencing by RNA",1,112,0,59,0.009649349530455759,0.07574932194451023,0.13711401515541954,3,40,0.0029768549527424276,9606,Homo sapiens,"POLR2I","P36954",,,"R-HSA-5601926;R-HSA-5578742;R-HSA-203901"
R-HSA-72306,"tRNA processing",1,113,0,53,0.009735504436977686,0.07574932194451023,0.13711401515541954,1,54,0.004018754186202277,9606,Homo sapiens,"TSEN54","Q7Z6J9",,,"R-HSA-5696813"
R-HSA-446193,"Biosynthesis of the N-glycan precursor (dolichol lipid-linked oligosaccharide, LLO) and transfer to a nascent protein",1,78,1,94,0.006720082708710261,0.07888490285272098,0.13711401515541954,1,55,0.004093175560020838,9606,Homo sapiens,"NUDT14","O95848",NUDT14,O95848,"R-HSA-6810464"
R-HSA-1226099,"Signaling by FGFR in disease",1,73,0,107,0.006289308176100629,0.07888490285272098,0.13711401515541954,1,99,0.007367716008037508,9606,Homo sapiens,"POLR2I","P36954",,,"R-HSA-8851710"
R-HSA-9664873,"Pexophagy",0,11,1,164,9.477039717411907E-4,0.07933207021414757,0.13711401515541954,2,13,9.674778596412889E-4,9606,Homo sapiens,"","",BRAT1,Q13315,"R-HSA-9664850;R-HSA-9664879"
R-HSA-167172,"Transcription of the HIV genome",1,74,0,112,0.006375463082622555,0.08111881065555693,0.13711401515541954,46,47,0.0034978045694723523,9606,Homo sapiens,"POLR2I","P36954",,,"R-HSA-167111;R-HSA-167115;R-HSA-167113;R-HSA-167118;R-HSA-167181;R-HSA-167117;R-HSA-170706;R-HSA-170704;R-HSA-167121;R-HSA-167191;R-HSA-167130;R-HSA-167192;R-HSA-167128;R-HSA-167134;R-HSA-167196;R-HSA-167197;R-HSA-167133;R-HSA-9613490;R-HSA-167459;R-HSA-167072;R-HSA-167136;R-HSA-167076;R-HSA-167077;R-HSA-9613498;R-HSA-167147;R-HSA-167083;R-HSA-167150;R-HSA-167087;R-HSA-167148;R-HSA-167084;R-HSA-167468;R-HSA-167085;R-HSA-167090;R-HSA-167474;R-HSA-167282;R-HSA-167089;R-HSA-167153;R-HSA-167478;R-HSA-167284;R-HSA-167477;R-HSA-167098;R-HSA-167288;R-HSA-167097;R-HSA-167481;R-HSA-167484;R-HSA-167292"
R-HSA-69541,"Stabilization of p53",0,57,1,125,0.004910829671749806,0.08111881065555693,0.13711401515541954,5,15,0.0011163206072784104,9606,Homo sapiens,"","",BRAT1,Q13315,"R-HSA-349444;R-HSA-6804741;R-HSA-349455;R-HSA-6804955;R-HSA-5693609"
R-HSA-9018519,"Estrogen-dependent gene expression",1,120,1,926,0.010338588782631171,0.08150504821064053,0.13711401515541954,4,64,0.004762967924387884,9606,Homo sapiens,"POLR2I","P36954",TRERF1,Q13547,"R-HSA-9009065;R-HSA-9012315;R-HSA-9012319;R-HSA-9011971"
R-HSA-6796648,"TP53 Regulates Transcription of DNA Repair Genes",1,65,0,123,0.005600068923925217,0.08334790140857151,0.13711401515541954,3,17,0.0012651633549155318,9606,Homo sapiens,"POLR2I","P36954",,,"R-HSA-6797606;R-HSA-6797616;R-HSA-6797712"
R-HSA-6804760,"Regulation of TP53 Activity through Methylation",0,19,1,174,0.0016369432239166021,0.08734815480822766,0.13711401515541954,1,12,8.930564858227283E-4,9606,Homo sapiens,"","",BRAT1,Q13315,"R-HSA-6804276"
R-HSA-6804756,"Regulation of TP53 Activity through Phosphorylation",0,92,1,126,0.007926251400017232,0.09706130099700938,0.13711401515541954,2,26,0.0019349557192825779,9606,Homo sapiens,"","",BRAT1,Q13315,"R-HSA-6798372;R-HSA-5693609"
R-HSA-1640170,"Cell Cycle",1,670,2,2030,0.05772378736969071,0.09792144374709344,0.13711401515541954,10,451,0.03356403959217087,9606,Homo sapiens,"POLR2I","P36954",TRERF1;BRAT1,P38398;Q13315;Q13547,"R-HSA-349444;R-HSA-6804741;R-HSA-1227670;R-HSA-1227671;R-HSA-9670149;R-HSA-349455;R-HSA-912503;R-HSA-6804955;R-HSA-912467;R-HSA-5693609"
R-HSA-6807505,"RNA polymerase II transcribes snRNA genes",1,74,0,159,0.006375463082622555,0.10100830150127771,0.13711401515541954,8,11,8.186351120041676E-4,9606,Homo sapiens,"POLR2I","P36954",,,"R-HSA-6814885;R-HSA-6814549;R-HSA-6814559;R-HSA-6810238;R-HSA-6814555;R-HSA-6810235;R-HSA-6814554;R-HSA-6810233"
R-HSA-9634638,"Estrogen-dependent nuclear events downstream of ESR-membrane signaling",0,24,1,217,0.002067717756526234,0.10668244957064099,0.13711401515541954,2,12,8.930564858227283E-4,9606,Homo sapiens,"","",FOXE1,P19419,"R-HSA-9625479;R-HSA-198731"
R-HSA-450282,"MAPK targets/ Nuclear events mediated by MAP kinases",0,31,1,214,0.002670802102179719,0.1071176009993492,0.13711401515541954,1,16,0.001190741981096971,9606,Homo sapiens,"","",FOXE1,P19419,"R-HSA-198731"
R-HSA-427413,"NoRC negatively regulates rRNA expression",0,75,1,174,0.006461617989144482,0.1079873386435013,0.13711401515541954,1,6,4.4652824291136416E-4,9606,Homo sapiens,"","",TRERF1,Q13547,"R-HSA-427409"
R-HSA-9675135,"Diseases of DNA repair",0,53,1,198,0.0045662100456621,0.10842192500171788,0.13711401515541954,1,34,0.0025303267098310636,9606,Homo sapiens,"","",BRAT1,P38398,"R-HSA-9699163"
R-HSA-69563,"p53-Dependent G1 DNA Damage Response",0,66,1,186,0.005686223830447144,0.10929053314718706,0.13711401515541954,5,22,0.0016372702240083352,9606,Homo sapiens,"","",BRAT1,Q13315,"R-HSA-349444;R-HSA-6804741;R-HSA-349455;R-HSA-6804955;R-HSA-5693609"
R-HSA-69580,"p53-Dependent G1/S DNA damage checkpoint",0,66,1,186,0.005686223830447144,0.10929053314718706,0.13711401515541954,5,22,0.0016372702240083352,9606,Homo sapiens,"","",BRAT1,Q13315,"R-HSA-349444;R-HSA-6804741;R-HSA-349455;R-HSA-6804955;R-HSA-5693609"
R-HSA-69615,"G1/S DNA Damage Checkpoints",0,68,1,199,0.005858533643490997,0.11534975806384384,0.13711401515541954,5,26,0.0019349557192825779,9606,Homo sapiens,"","",BRAT1,Q13315,"R-HSA-349444;R-HSA-6804741;R-HSA-349455;R-HSA-6804955;R-HSA-5693609"
R-HSA-73762,"RNA Polymerase I Transcription Initiation",0,47,1,229,0.004049280606530542,0.11836560827166276,0.13711401515541954,1,6,4.4652824291136416E-4,9606,Homo sapiens,"","",POLR2I,P19388,"R-HSA-73865"
R-HSA-168273,"Influenza Viral RNA Transcription and Replication",1,152,0,126,0.013095545791332817,0.12180110086883555,0.13711401515541954,1,13,9.674778596412889E-4,9606,Homo sapiens,"POLR2I","P36954",,,"R-HSA-168326"
R-HSA-4641265,"Repression of WNT target genes",0,12,1,260,0.001033858878263117,0.12308633942342517,0.13711401515541954,1,7,5.209496167299249E-4,9606,Homo sapiens,"","",TRERF1,Q13547,"R-HSA-4641231"
R-HSA-5693554,"Resolution of D-loop Structures through Synthesis-Dependent Strand Annealing (SDSA)",0,27,1,272,0.0023261824760920135,0.13203629371807946,0.13711401515541954,1,1,7.442137381856069E-5,9606,Homo sapiens,"","",BRAT1,Q13315,"R-HSA-5693589"
R-HSA-2559586,"DNA Damage/Telomere Stress Induced Senescence",0,61,1,250,0.005255449297837512,0.13203629371807946,0.13711401515541954,3,17,0.0012651633549155318,9606,Homo sapiens,"","",BRAT1,Q13315,"R-HSA-5693540;R-HSA-5682026;R-HSA-5693609"
R-HSA-450294,"MAP kinase activation",0,63,1,250,0.005427759110881365,0.13246044929189427,0.13711401515541954,1,32,0.002381483962193942,9606,Homo sapiens,"","",FOXE1,P19419,"R-HSA-198731"
R-HSA-73854,"RNA Polymerase I Promoter Clearance",0,79,1,232,0.006806237615232188,0.13330820774384045,0.13711401515541954,1,10,7.442137381856069E-4,9606,Homo sapiens,"","",POLR2I,P19388,"R-HSA-73865"
R-HSA-5693568,"Resolution of D-loop Structures through Holliday Junction Intermediates",0,33,1,279,0.002843111915223572,0.13457846473280433,0.13711401515541954,3,9,6.697923643670462E-4,9606,Homo sapiens,"","",BRAT1,Q13315,"R-HSA-5686469;R-HSA-5686483;R-HSA-5686410"
R-HSA-912446,"Meiotic recombination",0,56,1,259,0.0048246747652278795,0.13457846473280433,0.13711401515541954,1,9,6.697923643670462E-4,9606,Homo sapiens,"","",BRAT1,P38398;Q13315,"R-HSA-912503"
R-HSA-5693537,"Resolution of D-Loop Structures",0,34,1,280,0.0029292668217454983,0.1354243830824774,0.13711401515541954,4,10,7.442137381856069E-4,9606,Homo sapiens,"","",BRAT1,Q13315,"R-HSA-5693589;R-HSA-5686469;R-HSA-5686483;R-HSA-5686410"
R-HSA-448424,"Interleukin-17 signaling",0,72,1,251,0.0062031532695787026,0.13626956637036536,0.13711401515541954,1,35,0.002604748083649624,9606,Homo sapiens,"","",FOXE1,P19419,"R-HSA-198731"
R-HSA-1538133,"G0 and Early G1",0,27,1,298,0.0023261824760920135,0.13711401515541954,0.13711401515541954,2,27,0.0020093770931011385,9606,Homo sapiens,"","",TRERF1,Q13547,"R-HSA-1227670;R-HSA-1227671"
R-HSA-674695,"RNA Polymerase II Pre-transcription Events",1,84,0,255,0.00723701214784182,0.13837931236199796,0.13837931236199796,11,17,0.0012651633549155318,9606,Homo sapiens,"POLR2I","P36954",,,"R-HSA-113409;R-HSA-75856;R-HSA-75891;R-HSA-113411;R-HSA-113429;R-HSA-113413;R-HSA-75862;R-HSA-113414;R-HSA-112392;R-HSA-112395;R-HSA-73946"
R-HSA-5696398,"Nucleotide Excision Repair",1,110,0,218,0.009477039717411907,0.13880071145101236,0.13880071145101236,17,37,0.0027535908312867454,9606,Homo sapiens,"POLR2I","P36954",,,"R-HSA-6782211;R-HSA-9684118;R-HSA-6781824;R-HSA-6782208;R-HSA-6781867;R-HSA-6781833;R-HSA-6782069;R-HSA-6782004;R-HSA-6782131;R-HSA-6782227;R-HSA-6782224;R-HSA-6781840;R-HSA-6782141;R-HSA-6782204;R-HSA-6782138;R-HSA-6781818;R-HSA-6782234"
R-HSA-73864,"RNA Polymerase I Transcription",0,80,1,254,0.006892392521754114,0.14258506729458542,0.14258506729458542,1,14,0.0010418992334598498,9606,Homo sapiens,"","",POLR2I,P19388,"R-HSA-73865"
R-HSA-73894,"DNA Repair",1,315,1,1221,0.027138795554406823,0.14365420172551358,0.14365420172551358,28,333,0.02478231748158071,9606,Homo sapiens,"POLR2I","P36954",BRAT1,P38398;Q13315,"R-HSA-5693589;R-HSA-5686483;R-HSA-9684118;R-HSA-5693599;R-HSA-6781867;R-HSA-9700998;R-HSA-6782069;R-HSA-5659781;R-HSA-5686469;R-HSA-6782004;R-HSA-6782131;R-HSA-5686657;R-HSA-6782141;R-HSA-6782204;R-HSA-5686410;R-HSA-6782138;R-HSA-6781818;R-HSA-5686578;R-HSA-6782211;R-HSA-6781824;R-HSA-6782208;R-HSA-6781833;R-HSA-5693540;R-HSA-6782227;R-HSA-6782224;R-HSA-6781840;R-HSA-6782234;R-HSA-5693609"
R-HSA-5250941,"Negative epigenetic regulation of rRNA expression",0,78,1,269,0.006720082708710261,0.14844246618479495,0.14844246618479495,1,11,8.186351120041676E-4,9606,Homo sapiens,"","",TRERF1,Q13547,"R-HSA-427409"
R-HSA-9609690,"HCMV Early Events",0,208,1,143,0.017920220556560697,0.15343475544389473,0.15343475544389473,1,12,8.930564858227283E-4,9606,Homo sapiens,"","",FOXE1,P19419,"R-HSA-9623096"
R-HSA-5685938,"HDR through Single Strand Annealing (SSA)",0,37,1,334,0.0031877315413112776,0.1608744155302143,0.1608744155302143,1,6,4.4652824291136416E-4,9606,Homo sapiens,"","",BRAT1,Q13315,"R-HSA-5686657"
R-HSA-9031628,"NGF-stimulated transcription",0,39,1,336,0.0033600413543551306,0.1616974462257219,0.1616974462257219,1,37,0.0027535908312867454,9606,Homo sapiens,"","",FOXE1,P19419,"R-HSA-9612076"
R-HSA-8936459,"RUNX1 regulates genes involved in megakaryocyte differentiation and platelet function",0,66,1,321,0.005686223830447144,0.16743859812405348,0.16743859812405348,1,33,0.002455905336012503,9606,Homo sapiens,"","",TRERF1,Q13547,"R-HSA-8935732"
R-HSA-6804757,"Regulation of TP53 Degradation",0,36,1,355,0.0031015766347893513,0.16866428808249379,0.16866428808249379,3,30,0.0022326412145568207,9606,Homo sapiens,"","",BRAT1,Q13315,"R-HSA-6804741;R-HSA-349455;R-HSA-6804955"
R-HSA-157579,"Telomere Maintenance",1,93,0,325,0.008012406306539157,0.17029604622707806,0.17029604622707806,1,34,0.0025303267098310636,9606,Homo sapiens,"POLR2I","P36954",,,"R-HSA-9670149"
R-HSA-2173795,"Downregulation of SMAD2/3:SMAD4 transcriptional activity",0,27,1,379,0.0023261824760920135,0.17436299289723212,0.17436299289723212,1,25,0.0018605343454640173,9606,Homo sapiens,"","",TRERF1,Q13547,"R-HSA-2186607"
R-HSA-8953750,"Transcriptional Regulation by E2F6",0,34,1,387,0.0029292668217454983,0.17517425251546026,0.17517425251546026,1,33,0.002455905336012503,9606,Homo sapiens,"","",BRAT1,P38398,"R-HSA-9007605"
R-HSA-198725,"Nuclear Events (kinase and transcription factor activation)",0,61,1,360,0.005255449297837512,0.17962352799706305,0.17962352799706305,2,48,0.0035722259432909133,9606,Homo sapiens,"","",FOXE1,P19419,"R-HSA-198731;R-HSA-9612076"
R-HSA-73886,"Chromosome Maintenance",1,120,0,325,0.010338588782631171,0.18043019113048375,0.18043019113048375,1,38,0.0028280122051053064,9606,Homo sapiens,"POLR2I","P36954",,,"R-HSA-9670149"
R-HSA-5685942,"HDR through Homologous Recombination (HRR)",0,67,1,380,0.005772378736969071,0.18565633816000826,0.18565633816000826,4,21,0.0015628488501897744,9606,Homo sapiens,"","",BRAT1,Q13315,"R-HSA-5693589;R-HSA-5686469;R-HSA-5686483;R-HSA-5686410"
R-HSA-1221632,"Meiotic synapsis",0,60,1,381,0.0051692943913155855,0.18845812946720486,0.18845812946720486,1,6,4.4652824291136416E-4,9606,Homo sapiens,"","",BRAT1,P38398,"R-HSA-912467"
R-HSA-3108214,"SUMOylation of DNA damage response and repair proteins",0,81,1,368,0.00697854742827604,0.18925706583254043,0.18925706583254043,2,24,0.0017861129716454567,9606,Homo sapiens,"","",BRAT1,P38398,"R-HSA-2997709;R-HSA-2997616"
R-HSA-9009391,"Extra-nuclear estrogen signaling",0,80,1,376,0.006892392521754114,0.1916496818024097,0.1916496818024097,2,39,0.002902433578923867,9606,Homo sapiens,"","",FOXE1,P19419,"R-HSA-9625479;R-HSA-198731"
R-HSA-162599,"Late Phase of HIV Life Cycle",1,152,0,311,0.013095545791332817,0.19204784033560118,0.19204784033560118,46,77,0.005730445784029173,9606,Homo sapiens,"POLR2I","P36954",,,"R-HSA-167111;R-HSA-167115;R-HSA-167113;R-HSA-167118;R-HSA-167181;R-HSA-167117;R-HSA-170706;R-HSA-170704;R-HSA-167121;R-HSA-167191;R-HSA-167130;R-HSA-167192;R-HSA-167128;R-HSA-167134;R-HSA-167196;R-HSA-167197;R-HSA-167133;R-HSA-9613490;R-HSA-167459;R-HSA-167072;R-HSA-167136;R-HSA-167076;R-HSA-167077;R-HSA-9613498;R-HSA-167147;R-HSA-167083;R-HSA-167150;R-HSA-167087;R-HSA-167148;R-HSA-167084;R-HSA-167468;R-HSA-167085;R-HSA-167090;R-HSA-167474;R-HSA-167282;R-HSA-167089;R-HSA-167153;R-HSA-167478;R-HSA-167284;R-HSA-167477;R-HSA-167098;R-HSA-167288;R-HSA-167097;R-HSA-167481;R-HSA-167484;R-HSA-167292"
R-HSA-5693571,"Nonhomologous End-Joining (NHEJ)",0,51,1,428,0.004393900232618248,0.20036900093455223,0.20036900093455223,1,13,9.674778596412889E-4,9606,Homo sapiens,"","",BRAT1,Q13315,"R-HSA-5693599"
R-HSA-5693565,"Recruitment and ATM-mediated phosphorylation of repair and signaling proteins at DNA double strand breaks",0,60,1,421,0.0051692943913155855,0.2007633395015379,0.2007633395015379,4,39,0.002902433578923867,9606,Homo sapiens,"","",BRAT1,P38398;Q13315,"R-HSA-9700998;R-HSA-5659781;R-HSA-5686578;R-HSA-5693609"
R-HSA-162587,"HIV Life Cycle",1,165,0,334,0.01421555957611786,0.20469722824435654,0.20469722824435654,46,116,0.00863287936295304,9606,Homo sapiens,"POLR2I","P36954",,,"R-HSA-167111;R-HSA-167115;R-HSA-167113;R-HSA-167118;R-HSA-167181;R-HSA-167117;R-HSA-170706;R-HSA-170704;R-HSA-167121;R-HSA-167191;R-HSA-167130;R-HSA-167192;R-HSA-167128;R-HSA-167134;R-HSA-167196;R-HSA-167197;R-HSA-167133;R-HSA-9613490;R-HSA-167459;R-HSA-167072;R-HSA-167136;R-HSA-167076;R-HSA-167077;R-HSA-9613498;R-HSA-167147;R-HSA-167083;R-HSA-167150;R-HSA-167087;R-HSA-167148;R-HSA-167084;R-HSA-167468;R-HSA-167085;R-HSA-167090;R-HSA-167474;R-HSA-167282;R-HSA-167089;R-HSA-167153;R-HSA-167478;R-HSA-167284;R-HSA-167477;R-HSA-167098;R-HSA-167288;R-HSA-167097;R-HSA-167481;R-HSA-167484;R-HSA-167292"
R-HSA-975138,"TRAF6 mediated induction of NFkB and MAP kinases upon TLR7/8 or 9 activation",0,90,1,419,0.007753941586973378,0.20587403379951397,0.20587403379951397,1,48,0.0035722259432909133,9606,Homo sapiens,"","",FOXE1,P19419,"R-HSA-198731"
R-HSA-9609646,"HCMV Infection",0,262,1,228,0.022572585508744723,0.20861389616372583,0.20861389616372583,1,31,0.0023070625883753813,9606,Homo sapiens,"","",FOXE1,P19419,"R-HSA-9623096"
R-HSA-5654738,"Signaling by FGFR2",1,78,0,427,0.006720082708710261,0.21134535266804821,0.21134535266804821,4,46,0.0034233831956537917,9606,Homo sapiens,"POLR2I","P36954",,,"R-HSA-6803527;R-HSA-6803523;R-HSA-6803838;R-HSA-6803836"
R-HSA-975871,"MyD88 cascade initiated on plasma membrane",0,86,1,443,0.007409321960885672,0.21173487586437378,0.21173487586437378,1,58,0.00431643968147652,9606,Homo sapiens,"","",FOXE1,P19419,"R-HSA-198731"
R-HSA-168142,"Toll Like Receptor 10 (TLR10) Cascade",0,86,1,447,0.007409321960885672,0.2129024195862399,0.2129024195862399,1,59,0.00439086105529508,9606,Homo sapiens,"","",FOXE1,P19419,"R-HSA-198731"
R-HSA-168176,"Toll Like Receptor 5 (TLR5) Cascade",0,86,1,447,0.007409321960885672,0.21329125909010338,0.21329125909010338,1,59,0.00439086105529508,9606,Homo sapiens,"","",FOXE1,P19419,"R-HSA-198731"
R-HSA-975155,"MyD88 dependent cascade initiated on endosome",0,91,1,452,0.007840096493495305,0.21678313834139884,0.21678313834139884,1,63,0.004688546550569324,9606,Homo sapiens,"","",FOXE1,P19419,"R-HSA-198731"
R-HSA-168181,"Toll Like Receptor 7/8 (TLR7/8) Cascade",0,92,1,452,0.007926251400017232,0.2171702732059172,0.2171702732059172,1,66,0.004911810672025006,9606,Homo sapiens,"","",FOXE1,P19419,"R-HSA-198731"
R-HSA-168255,"Influenza Infection",1,172,0,358,0.014818643921771344,0.21871711228047497,0.21871711228047497,1,58,0.00431643968147652,9606,Homo sapiens,"POLR2I","P36954",,,"R-HSA-168326"
R-HSA-190236,"Signaling by FGFR",1,95,0,430,0.00818471611958301,0.21910339728008876,0.21910339728008876,4,142,0.010567835082235619,9606,Homo sapiens,"POLR2I","P36954",,,"R-HSA-6803527;R-HSA-6803523;R-HSA-6803838;R-HSA-6803836"
R-HSA-168138,"Toll Like Receptor 9 (TLR9) Cascade",0,95,1,456,0.00818471611958301,0.2198754580137775,0.2198754580137775,1,68,0.005060653419662127,9606,Homo sapiens,"","",FOXE1,P19419,"R-HSA-198731"
R-HSA-5693606,"DNA Double Strand Break Response",0,61,1,481,0.005255449297837512,0.22295692031089454,0.22295692031089454,5,47,0.0034978045694723523,9606,Homo sapiens,"","",BRAT1,P38398;Q13315,"R-HSA-9700998;R-HSA-5693540;R-HSA-5659781;R-HSA-5686578;R-HSA-5693609"
R-HSA-168164,"Toll Like Receptor 3 (TLR3) Cascade",0,94,1,480,0.008098561213061083,0.22526091195903075,0.22526091195903075,1,61,0.0045397038029322025,9606,Homo sapiens,"","",FOXE1,P19419,"R-HSA-198731"
R-HSA-166058,"MyD88:MAL(TIRAP) cascade initiated on plasma membrane",0,103,1,472,0.008873955371758422,0.22755882915209924,0.22755882915209924,1,64,0.004762967924387884,9606,Homo sapiens,"","",FOXE1,P19419,"R-HSA-198731"
R-HSA-168179,"Toll Like Receptor TLR1:TLR2 Cascade",0,106,1,473,0.0091324200913242,0.2290874061738125,0.2290874061738125,1,66,0.004911810672025006,9606,Homo sapiens,"","",FOXE1,P19419,"R-HSA-198731"
R-HSA-168188,"Toll Like Receptor TLR6:TLR2 Cascade",0,103,1,477,0.008873955371758422,0.229469130051695,0.229469130051695,1,66,0.004911810672025006,9606,Homo sapiens,"","",FOXE1,P19419,"R-HSA-198731"
R-HSA-69620,"Cell Cycle Checkpoints",0,274,1,325,0.02360644438700784,0.22985068590806623,0.22985068590806623,5,56,0.004167596933839399,9606,Homo sapiens,"","",BRAT1,Q13315,"R-HSA-349444;R-HSA-6804741;R-HSA-349455;R-HSA-6804955;R-HSA-5693609"
R-HSA-181438,"Toll Like Receptor 2 (TLR2) Cascade",0,106,1,477,0.0091324200913242,0.23061329381511741,0.23061329381511741,1,68,0.005060653419662127,9606,Homo sapiens,"","",FOXE1,P19419,"R-HSA-198731"
R-HSA-9663891,"Selective autophagy",0,82,1,487,0.007064702334797967,0.23365701751562373,0.23365701751562373,2,48,0.0035722259432909133,9606,Homo sapiens,"","",BRAT1,Q13315,"R-HSA-9664850;R-HSA-9664879"
R-HSA-6806003,"Regulation of TP53 Expression and Degradation",0,37,1,526,0.0031877315413112776,0.2363114908022953,0.2363114908022953,3,35,0.002604748083649624,9606,Homo sapiens,"","",BRAT1,Q13315,"R-HSA-6804741;R-HSA-349455;R-HSA-6804955"
R-HSA-3108232,"SUMO E3 ligases SUMOylate target proteins",0,174,2,1863,0.014990953734815198,0.2381898326751789,0.2381898326751789,3,131,0.00974919997023145,9606,Homo sapiens,"","",TRERF1;BRAT1,P38398;Q13547,"R-HSA-2997709;R-HSA-4615889;R-HSA-2997616"
R-HSA-937061,"TRIF(TICAM1)-mediated TLR4 signaling ",0,98,1,510,0.00844318083914879,0.23895778795039835,0.23895778795039835,1,58,0.00431643968147652,9606,Homo sapiens,"","",FOXE1,P19419,"R-HSA-198731"
R-HSA-166166,"MyD88-independent TLR4 cascade ",0,98,1,511,0.00844318083914879,0.23895778795039835,0.23895778795039835,1,60,0.004465282429113641,9606,Homo sapiens,"","",FOXE1,P19419,"R-HSA-198731"
R-HSA-3700989,"Transcriptional Regulation by TP53",1,367,2,1727,0.031618850693546995,0.2422754836027634,0.2422754836027634,12,258,0.019200714445188657,9606,Homo sapiens,"POLR2I","P36954",POLR2I;BRAT1,P55212;Q13315,"R-HSA-6797606;R-HSA-6804741;R-HSA-6798372;R-HSA-6798126;R-HSA-349455;R-HSA-6800490;R-HSA-6804276;R-HSA-6797616;R-HSA-6797712;R-HSA-6804955;R-HSA-6799097;R-HSA-5693609"
R-HSA-2990846,"SUMOylation",0,180,2,1898,0.015507883173946756,0.24450751859978082,0.24450751859978082,3,140,0.010418992334598497,9606,Homo sapiens,"","",TRERF1;BRAT1,P38398;Q13547,"R-HSA-2997709;R-HSA-4615889;R-HSA-2997616"
R-HSA-212165,"Epigenetic regulation of gene expression",0,117,1,526,0.01008012406306539,0.2550355476122367,0.2550355476122367,1,33,0.002455905336012503,9606,Homo sapiens,"","",TRERF1,Q13547,"R-HSA-427409"
R-HSA-446203,"Asparagine N-linked glycosylation",1,305,1,327,0.02627724648918756,0.25762408182334395,0.25762408182334395,1,133,0.009898042717868571,9606,Homo sapiens,"NUDT14","O95848",NUDT14,O95848,"R-HSA-6810464"
R-HSA-2173793,"Transcriptional activity of SMAD2/SMAD3:SMAD4 heterotrimer",0,46,1,591,0.003963125700008616,0.25983645876786965,0.25983645876786965,1,44,0.0032745404480166705,9606,Homo sapiens,"","",TRERF1,Q13547,"R-HSA-2186607"
R-HSA-1632852,"Macroautophagy",0,137,1,527,0.01180322219350392,0.26167562731610183,0.26167562731610183,2,87,0.00647465952221478,9606,Homo sapiens,"","",BRAT1,Q13315,"R-HSA-9664850;R-HSA-9664879"
R-HSA-1500620,"Meiosis",0,88,1,571,0.007581631773929526,0.264975896375214,0.264975896375214,2,15,0.0011163206072784104,9606,Homo sapiens,"","",BRAT1,P38398;Q13315,"R-HSA-912503;R-HSA-912467"
R-HSA-453279,"Mitotic G1 phase and G1/S transition",0,149,1,549,0.012837081071767037,0.2671687843572773,0.2671687843572773,2,101,0.00751655875567463,9606,Homo sapiens,"","",TRERF1,Q13547,"R-HSA-1227670;R-HSA-1227671"
R-HSA-4551638,"SUMOylation of chromatin organization proteins",0,62,1,594,0.005341604204359438,0.2693558550211387,0.2693558550211387,1,15,0.0011163206072784104,9606,Homo sapiens,"","",TRERF1,Q13547,"R-HSA-4615889"
R-HSA-3247509,"Chromatin modifying enzymes",1,240,0,509,0.020677177565262342,0.27840633088464906,0.27840633088464906,2,85,0.006325816774577659,9606,Homo sapiens,"PHF2","O75151",,,"R-HSA-4724284;R-HSA-5661115"
R-HSA-4839726,"Chromatin organization",1,240,0,509,0.020677177565262342,0.27840633088464906,0.27840633088464906,2,85,0.006325816774577659,9606,Homo sapiens,"PHF2","O75151",,,"R-HSA-4724284;R-HSA-5661115"
R-HSA-187037,"Signaling by NTRK1 (TRKA)",0,117,1,585,0.01008012406306539,0.2802044203965214,0.2802044203965214,2,102,0.00759098012949319,9606,Homo sapiens,"","",FOXE1,P19419,"R-HSA-198731;R-HSA-9612076"
R-HSA-195253,"Degradation of beta-catenin by the destruction complex",0,83,1,615,0.007150857241319893,0.2845035960222301,0.2845035960222301,1,23,0.0017116915978268958,9606,Homo sapiens,"","",TRERF1,Q13547,"R-HSA-4641231"
R-HSA-166016,"Toll Like Receptor 4 (TLR4) Cascade",0,136,1,612,0.011717067286981993,0.2852179018577593,0.2852179018577593,1,95,0.007070030512763266,9606,Homo sapiens,"","",FOXE1,P19419,"R-HSA-198731"
R-HSA-1474165,"Reproduction",0,114,1,610,0.009821659343499612,0.28842444006312995,0.28842444006312995,2,24,0.0017861129716454567,9606,Homo sapiens,"","",BRAT1,P38398;Q13315,"R-HSA-912503;R-HSA-912467"
R-HSA-5693567,"HDR through Homologous Recombination (HRR) or Single Strand Annealing (SSA)",0,114,1,635,0.009821659343499612,0.2923261739668557,0.2923261739668557,5,44,0.0032745404480166705,9606,Homo sapiens,"","",BRAT1,Q13315,"R-HSA-5693589;R-HSA-5686469;R-HSA-5686483;R-HSA-5686657;R-HSA-5686410"
R-HSA-5693538,"Homology Directed Repair",0,120,1,638,0.010338588782631171,0.29409339404488377,0.29409339404488377,5,52,0.0038699114385651557,9606,Homo sapiens,"","",BRAT1,Q13315,"R-HSA-5693589;R-HSA-5686469;R-HSA-5686483;R-HSA-5686657;R-HSA-5686410"
R-HSA-597592,"Post-translational protein modification",1,1427,3,2983,0.122943051606789,0.3031856076066497,0.3031856076066497,4,526,0.039145642628562925,9606,Homo sapiens,"NUDT14","O95848",TRERF1;BRAT1;NUDT14,P38398;Q13547;O95848,"R-HSA-2997709;R-HSA-6810464;R-HSA-4615889;R-HSA-2997616"
R-HSA-5619507,"Activation of HOX genes during differentiation",1,91,0,695,0.007840096493495305,0.31533981043459214,0.31533981043459214,27,43,0.00320011907419811,9606,Homo sapiens,"POLR2I","P36954",,,"R-HSA-5617877;R-HSA-5617492;R-HSA-5617431;R-HSA-5621010;R-HSA-5617874;R-HSA-5617887;R-HSA-5617862;R-HSA-5617859;R-HSA-5617484;R-HSA-5617676;R-HSA-5693644;R-HSA-5617486;R-HSA-5617672;R-HSA-5617483;R-HSA-5617867;R-HSA-5621002;R-HSA-5617866;R-HSA-5617462;R-HSA-5617650;R-HSA-5617661;R-HSA-5617471;R-HSA-5617445;R-HSA-5617452;R-HSA-5617454;R-HSA-5617641;R-HSA-5617896;R-HSA-5617642"
R-HSA-5617472,"Activation of anterior HOX genes in hindbrain development during early embryogenesis",1,91,0,695,0.007840096493495305,0.31533981043459214,0.31533981043459214,27,43,0.00320011907419811,9606,Homo sapiens,"POLR2I","P36954",,,"R-HSA-5617877;R-HSA-5617492;R-HSA-5617431;R-HSA-5621010;R-HSA-5617874;R-HSA-5617887;R-HSA-5617862;R-HSA-5617859;R-HSA-5617484;R-HSA-5617676;R-HSA-5693644;R-HSA-5617486;R-HSA-5617672;R-HSA-5617483;R-HSA-5617867;R-HSA-5621002;R-HSA-5617866;R-HSA-5617462;R-HSA-5617650;R-HSA-5617661;R-HSA-5617471;R-HSA-5617445;R-HSA-5617452;R-HSA-5617454;R-HSA-5617641;R-HSA-5617896;R-HSA-5617642"
R-HSA-2559583,"Cellular Senescence",0,166,1,665,0.014301714482639786,0.3167129446215783,0.3167129446215783,3,89,0.006623502269851901,9606,Homo sapiens,"","",BRAT1,Q13315,"R-HSA-5693540;R-HSA-5682026;R-HSA-5693609"
R-HSA-168898,"Toll-like Receptor Cascades",0,159,1,691,0.0136986301369863,0.3194518714001412,0.3194518714001412,1,185,0.013767954156433728,9606,Homo sapiens,"","",FOXE1,P19419,"R-HSA-198731"
R-HSA-201722,"Formation of the beta-catenin:TCF transactivating complex",0,60,1,752,0.0051692943913155855,0.3214996576208675,0.3214996576208675,1,13,9.674778596412889E-4,9606,Homo sapiens,"","",TRERF1,Q13547,"R-HSA-3299569"
R-HSA-8953854,"Metabolism of RNA",2,678,0,2016,0.058413026621866114,0.3312693429563457,0.3312693429563457,26,187,0.01391679690407085,9606,Homo sapiens,"POLR2I;TSEN54","Q7Z6J9;P36954",,,"R-HSA-72130;R-HSA-75079;R-HSA-75081;R-HSA-75080;R-HSA-72139;R-HSA-75083;R-HSA-75082;R-HSA-77069;R-HSA-77068;R-HSA-72143;R-HSA-77073;R-HSA-77077;R-HSA-77078;R-HSA-77081;R-HSA-77083;R-HSA-77085;R-HSA-72095;R-HSA-72160;R-HSA-77090;R-HSA-72103;R-HSA-77095;R-HSA-72107;R-HSA-156661;R-HSA-5696813;R-HSA-72124;R-HSA-72127"
R-HSA-9612973,"Autophagy",0,152,1,753,0.013095545791332817,0.34399735102506157,0.34399735102506157,2,108,0.008037508372404554,9606,Homo sapiens,"","",BRAT1,Q13315,"R-HSA-9664850;R-HSA-9664879"
R-HSA-72163,"mRNA Splicing - Major Pathway",1,182,0,810,0.01568019298699061,0.35450659838930654,0.35450659838930654,8,9,6.697923643670462E-4,9606,Homo sapiens,"POLR2I","P36954",,,"R-HSA-72160;R-HSA-72130;R-HSA-156661;R-HSA-72139;R-HSA-72107;R-HSA-72124;R-HSA-72143;R-HSA-72127"
R-HSA-72172,"mRNA Splicing",1,190,0,815,0.01636943223916602,0.3584088137292172,0.3584088137292172,13,14,0.0010418992334598498,9606,Homo sapiens,"POLR2I","P36954",,,"R-HSA-72160;R-HSA-72130;R-HSA-75079;R-HSA-75081;R-HSA-75080;R-HSA-72139;R-HSA-72107;R-HSA-75083;R-HSA-75082;R-HSA-72143;R-HSA-156661;R-HSA-72124;R-HSA-72127"
R-HSA-166520,"Signaling by NTRKs",0,139,1,812,0.011975532006547773,0.3619674089539736,0.3619674089539736,2,164,0.012205105306243953,9606,Homo sapiens,"","",FOXE1,P19419,"R-HSA-198731;R-HSA-9612076"
R-HSA-5693532,"DNA Double-Strand Break Repair",0,150,1,838,0.012923235978288964,0.3645444472547086,0.3645444472547086,11,112,0.008335193867678798,9606,Homo sapiens,"","",BRAT1,P38398;Q13315,"R-HSA-9700998;R-HSA-5693540;R-HSA-5693589;R-HSA-5659781;R-HSA-5686469;R-HSA-5686578;R-HSA-5686483;R-HSA-5686657;R-HSA-5693599;R-HSA-5686410;R-HSA-5693609"
R-HSA-170834,"Signaling by TGF-beta Receptor Complex",0,89,1,864,0.0076677866804514515,0.3645444472547086,0.3645444472547086,1,93,0.006921187765126144,9606,Homo sapiens,"","",TRERF1,Q13547,"R-HSA-2186607"
R-HSA-9006934,"Signaling by Receptor Tyrosine Kinases",1,540,1,2424,0.046523649521840266,0.3890626205614417,0.3890626205614417,6,746,0.05551834486864628,9606,Homo sapiens,"POLR2I","P36954",FOXE1,P19419,"R-HSA-6803527;R-HSA-6803523;R-HSA-198731;R-HSA-6803838;R-HSA-6803836;R-HSA-9612076"
R-HSA-9006936,"Signaling by TGFB family members",0,118,1,936,0.010166278969587317,0.39413904724876503,0.39413904724876503,1,118,0.00878172211059016,9606,Homo sapiens,"","",TRERF1,Q13547,"R-HSA-2186607"
R-HSA-162906,"HIV Infection",1,248,0,839,0.021366416817437752,0.39905251328855784,0.39905251328855784,46,159,0.01183299843715115,9606,Homo sapiens,"POLR2I","P36954",,,"R-HSA-167111;R-HSA-167115;R-HSA-167113;R-HSA-167118;R-HSA-167181;R-HSA-167117;R-HSA-170706;R-HSA-170704;R-HSA-167121;R-HSA-167191;R-HSA-167130;R-HSA-167192;R-HSA-167128;R-HSA-167134;R-HSA-167196;R-HSA-167197;R-HSA-167133;R-HSA-9613490;R-HSA-167459;R-HSA-167072;R-HSA-167136;R-HSA-167076;R-HSA-167077;R-HSA-9613498;R-HSA-167147;R-HSA-167083;R-HSA-167150;R-HSA-167087;R-HSA-167148;R-HSA-167084;R-HSA-167468;R-HSA-167085;R-HSA-167090;R-HSA-167474;R-HSA-167282;R-HSA-167089;R-HSA-167153;R-HSA-167478;R-HSA-167284;R-HSA-167477;R-HSA-167098;R-HSA-167288;R-HSA-167097;R-HSA-167481;R-HSA-167484;R-HSA-167292"
R-HSA-8878171,"Transcriptional regulation by RUNX1",0,208,1,883,0.017920220556560697,0.40362668572730287,0.40362668572730287,1,132,0.009823621344050012,9606,Homo sapiens,"","",TRERF1,Q13547,"R-HSA-8935732"
R-HSA-72203,"Processing of Capped Intron-Containing Pre-mRNA",1,247,0,975,0.021280261910915827,0.41954193051956246,0.41954193051956246,15,32,0.002381483962193942,9606,Homo sapiens,"POLR2I","P36954",,,"R-HSA-72160;R-HSA-72130;R-HSA-72103;R-HSA-75079;R-HSA-75081;R-HSA-75080;R-HSA-72139;R-HSA-72107;R-HSA-75083;R-HSA-75082;R-HSA-72143;R-HSA-156661;R-HSA-72124;R-HSA-72095;R-HSA-72127"
R-HSA-5633007,"Regulation of TP53 Activity",0,160,1,988,0.013784785043508227,0.4227973803094853,0.4227973803094853,6,98,0.007293294634218948,9606,Homo sapiens,"","",BRAT1,Q13315,"R-HSA-6804741;R-HSA-6798372;R-HSA-6804276;R-HSA-349455;R-HSA-6804955;R-HSA-5693609"
R-HSA-201681,"TCF dependent signaling in response to WNT",0,202,1,1265,0.017403291117429137,0.5037515708091158,0.5037515708091158,1,71,0.005283917541117809,9606,Homo sapiens,"","",TRERF1,Q13547,"R-HSA-3299569"
R-HSA-212436,"Generic Transcription Pathway",1,1258,3,4649,0.10838287240458344,0.5052388143886967,0.5052388143886967,16,829,0.06169531889558681,9606,Homo sapiens,"POLR2I","P36954",TRERF1;POLR2I;BRAT1,O95402;P38398;Q13315;Q13547;P55212,"R-HSA-6797606;R-HSA-6804741;R-HSA-6798372;R-HSA-212352;R-HSA-6798126;R-HSA-349455;R-HSA-6800490;R-HSA-2186607;R-HSA-6804276;R-HSA-6797616;R-HSA-6797712;R-HSA-6804955;R-HSA-9007605;R-HSA-8935732;R-HSA-6799097;R-HSA-5693609"
R-HSA-392499,"Metabolism of proteins",1,1950,3,4068,0.16800206771775653,0.508873854510835,0.508873854510835,4,793,0.05901614943811863,9606,Homo sapiens,"NUDT14","O95848",TRERF1;BRAT1;NUDT14,P38398;Q13547;O95848,"R-HSA-2997709;R-HSA-6810464;R-HSA-4615889;R-HSA-2997616"
R-HSA-73857,"RNA Polymerase II Transcription",1,1382,3,4787,0.11906608081330232,0.5332404936873676,0.5332404936873676,62,890,0.06623502269851901,9606,Homo sapiens,"POLR2I","P36954",TRERF1;POLR2I;BRAT1,O95402;P38398;Q13315;Q13547;P55212,"R-HSA-113409;R-HSA-112385;R-HSA-113411;R-HSA-212352;R-HSA-113413;R-HSA-113412;R-HSA-113414;R-HSA-112392;R-HSA-349455;R-HSA-112395;R-HSA-77069;R-HSA-6800490;R-HSA-77068;R-HSA-112396;R-HSA-77071;R-HSA-77073;R-HSA-113429;R-HSA-113430;R-HSA-6810238;R-HSA-6810235;R-HSA-6799097;R-HSA-6810233;R-HSA-111264;R-HSA-76576;R-HSA-9613494;R-HSA-9613497;R-HSA-75949;R-HSA-6814549;R-HSA-6814559;R-HSA-6804955;R-HSA-6814555;R-HSA-8935732;R-HSA-6814554;R-HSA-6797606;R-HSA-6814885;R-HSA-6798372;R-HSA-109639;R-HSA-109638;R-HSA-6798126;R-HSA-75850;R-HSA-2186607;R-HSA-75856;R-HSA-6804276;R-HSA-75861;R-HSA-75095;R-HSA-75862;R-HSA-6797616;R-HSA-75864;R-HSA-73946;R-HSA-75866;R-HSA-75869;R-HSA-75873;R-HSA-6804741;R-HSA-75891;R-HSA-6797712;R-HSA-112379;R-HSA-113402;R-HSA-9007605;R-HSA-112381;R-HSA-113407;R-HSA-112383;R-HSA-5693609"
R-HSA-5663202,"Diseases of signal transduction by growth factor receptors and second messengers",1,457,0,1362,0.039372792280520374,0.5694724924014921,0.5694724924014921,1,476,0.03542457393763489,9606,Homo sapiens,"POLR2I","P36954",,,"R-HSA-8851710"
R-HSA-74160,"Gene expression (Transcription)",1,1526,3,5010,0.13147238735245972,0.5711667698941347,0.5711667698941347,67,1004,0.07471905931383493,9606,Homo sapiens,"POLR2I","P36954",TRERF1;POLR2I;BRAT1,O95402;P38398;Q13315;Q13547;P55212;P19388,"R-HSA-113409;R-HSA-112385;R-HSA-113411;R-HSA-212352;R-HSA-113413;R-HSA-113412;R-HSA-113414;R-HSA-73865;R-HSA-112392;R-HSA-349455;R-HSA-112395;R-HSA-77069;R-HSA-6800490;R-HSA-77068;R-HSA-112396;R-HSA-77071;R-HSA-77073;R-HSA-113429;R-HSA-113430;R-HSA-427409;R-HSA-6810238;R-HSA-6810235;R-HSA-6799097;R-HSA-6810233;R-HSA-111264;R-HSA-76576;R-HSA-5578742;R-HSA-9613494;R-HSA-9613497;R-HSA-75949;R-HSA-6814549;R-HSA-6814559;R-HSA-6804955;R-HSA-6814555;R-HSA-8935732;R-HSA-6814554;R-HSA-6797606;R-HSA-6814885;R-HSA-6798372;R-HSA-109639;R-HSA-109638;R-HSA-6798126;R-HSA-75850;R-HSA-2186607;R-HSA-75856;R-HSA-6804276;R-HSA-5601926;R-HSA-75861;R-HSA-75095;R-HSA-75862;R-HSA-6797616;R-HSA-75864;R-HSA-73946;R-HSA-75866;R-HSA-75869;R-HSA-75873;R-HSA-6804741;R-HSA-75891;R-HSA-6797712;R-HSA-112379;R-HSA-113402;R-HSA-9007605;R-HSA-112381;R-HSA-113407;R-HSA-112383;R-HSA-203901;R-HSA-5693609"
R-HSA-69278,"Cell Cycle, Mitotic",0,537,1,1391,0.04626518480227449,0.5855771676536015,0.5855771676536015,2,352,0.026196323584133364,9606,Homo sapiens,"","",TRERF1,Q13547,"R-HSA-1227670;R-HSA-1227671"
R-HSA-195721,"Signaling by WNT",0,299,1,1613,0.025760317050056002,0.6038987275219088,0.6038987275219088,2,157,0.011684155689514029,9606,Homo sapiens,"","",TRERF1,Q13547,"R-HSA-3299569;R-HSA-4641231"
R-HSA-1643685,"Disease",1,2219,2,4921,0.19117773757215473,0.6389528135378472,0.6389528135378472,50,1688,0.12562327900573045,9606,Homo sapiens,"POLR2I","P36954",FOXE1;BRAT1,P38398;P19419,"R-HSA-168326;R-HSA-167181;R-HSA-167191;R-HSA-167192;R-HSA-167196;R-HSA-167197;R-HSA-9613490;R-HSA-167459;R-HSA-167072;R-HSA-167076;R-HSA-167077;R-HSA-9613498;R-HSA-167083;R-HSA-9623096;R-HSA-167087;R-HSA-167084;R-HSA-167468;R-HSA-167085;R-HSA-167090;R-HSA-167474;R-HSA-167089;R-HSA-167478;R-HSA-167477;R-HSA-167098;R-HSA-167097;R-HSA-167481;R-HSA-167484;R-HSA-167111;R-HSA-9699163;R-HSA-167115;R-HSA-167113;R-HSA-167118;R-HSA-167117;R-HSA-170706;R-HSA-170704;R-HSA-167121;R-HSA-167130;R-HSA-167128;R-HSA-167134;R-HSA-167133;R-HSA-167136;R-HSA-167147;R-HSA-167150;R-HSA-167148;R-HSA-167282;R-HSA-167153;R-HSA-167284;R-HSA-8851710;R-HSA-167288;R-HSA-167292"
R-HSA-5663205,"Infectious disease",1,1398,1,3255,0.12044455931765315,0.6431737736786081,0.6431737736786081,48,811,0.06035573416685272,9606,Homo sapiens,"POLR2I","P36954",FOXE1,P19419,"R-HSA-168326;R-HSA-167181;R-HSA-167191;R-HSA-167192;R-HSA-167196;R-HSA-167197;R-HSA-9613490;R-HSA-167459;R-HSA-167072;R-HSA-167076;R-HSA-167077;R-HSA-9613498;R-HSA-167083;R-HSA-9623096;R-HSA-167087;R-HSA-167084;R-HSA-167468;R-HSA-167085;R-HSA-167090;R-HSA-167474;R-HSA-167089;R-HSA-167478;R-HSA-167477;R-HSA-167098;R-HSA-167097;R-HSA-167481;R-HSA-167484;R-HSA-167111;R-HSA-167115;R-HSA-167113;R-HSA-167118;R-HSA-167117;R-HSA-170706;R-HSA-170704;R-HSA-167121;R-HSA-167130;R-HSA-167128;R-HSA-167134;R-HSA-167133;R-HSA-167136;R-HSA-167147;R-HSA-167150;R-HSA-167148;R-HSA-167282;R-HSA-167153;R-HSA-167284;R-HSA-167288;R-HSA-167292"
R-HSA-449147,"Signaling by Interleukins",0,459,1,2141,0.03954510209356423,0.7073268065382107,0.7073268065382107,1,493,0.03668973729255042,9606,Homo sapiens,"","",FOXE1,P19419,"R-HSA-198731"
R-HSA-168249,"Innate Immune System",0,1195,1,2028,0.10295511329370208,0.7858912043930466,0.7858912043930466,1,675,0.05023442732752847,9606,Homo sapiens,"","",FOXE1,P19419,"R-HSA-198731"
R-HSA-162582,"Signal Transduction",1,2588,2,6394,0.2229688980787456,0.8051134990385043,0.8051134990385043,14,2461,0.18315100096747786,9606,Homo sapiens,"POLR2I","P36954",FOXE1;TRERF1,Q13547;P19419,"R-HSA-6803527;R-HSA-9009065;R-HSA-3299569;R-HSA-6803523;R-HSA-198731;R-HSA-4641231;R-HSA-9011971;R-HSA-2186607;R-HSA-9012315;R-HSA-9625479;R-HSA-9012319;R-HSA-6803838;R-HSA-6803836;R-HSA-9612076"
R-HSA-2262752,"Cellular responses to stress",0,765,1,2762,0.06590850348927371,0.8240483184566008,0.8240483184566008,3,436,0.03244771898489246,9606,Homo sapiens,"","",BRAT1,Q13315,"R-HSA-5693540;R-HSA-5682026;R-HSA-5693609"
R-HSA-8953897,"Cellular responses to stimuli",0,779,1,2785,0.06711467218058069,0.8276099720374862,0.8276099720374862,3,467,0.03475478157326784,9606,Homo sapiens,"","",BRAT1,Q13315,"R-HSA-5693540;R-HSA-5682026;R-HSA-5693609"
R-HSA-1280215,"Cytokine Signaling in Immune system",0,806,1,2929,0.0694408546566727,0.8345416053588365,0.8345416053588365,1,710,0.052839175411178094,9606,Homo sapiens,"","",FOXE1,P19419,"R-HSA-198731"
R-HSA-1266738,"Developmental Biology",1,1110,0,3102,0.09563194623933834,0.8745573984712883,0.8745573984712883,27,555,0.041303862469301185,9606,Homo sapiens,"POLR2I","P36954",,,"R-HSA-5617877;R-HSA-5617492;R-HSA-5617431;R-HSA-5621010;R-HSA-5617874;R-HSA-5617887;R-HSA-5617862;R-HSA-5617859;R-HSA-5617484;R-HSA-5617676;R-HSA-5693644;R-HSA-5617486;R-HSA-5617672;R-HSA-5617483;R-HSA-5617867;R-HSA-5621002;R-HSA-5617866;R-HSA-5617462;R-HSA-5617650;R-HSA-5617661;R-HSA-5617471;R-HSA-5617445;R-HSA-5617452;R-HSA-5617454;R-HSA-5617641;R-HSA-5617896;R-HSA-5617642"
R-HSA-168256,"Immune System",0,2256,1,4130,0.194365469113466,0.9593262874794566,0.9593262874794566,1,1589,0.11825556299769294,9606,Homo sapiens,"","",FOXE1,P19419,"R-HSA-198731"
