Pathway identifier,Pathway name,#Entities found,#Entities total,#Interactors found,#Interactors total,Entities ratio,Entities pValue,Entities FDR,#Reactions found,#Reactions total,Reactions ratio,Species identifier,Species name,Submitted entities found,Mapped entities,Submitted entities hit interactor,Interacts with,Found reaction identifiers
R-HSA-6785807,"Interleukin-4 and Interleukin-13 signaling",4,211,0,161,0.013969809322033898,0.00211772209456218,0.4267491926110967,2,47,0.003407278526895752,9606,Homo sapiens,"ANXA1;BCL2","",,,"R-HSA-6785895;R-HSA-6790025"
R-HSA-111453,"BH3-only proteins associate with and inactivate anti-apoptotic BCL-2 members",2,11,1,62,7.282838983050848E-4,0.004479327726168436,0.4267491926110967,3,4,2.899811512251704E-4,9606,Homo sapiens,"BCL2","P10415;ENSG00000171791",BCL2,P10415;P55957,"R-HSA-114352;R-HSA-508163;R-HSA-6790025"
R-HSA-844455,"The NLRP1 inflammasome",1,5,1,4,3.310381355932203E-4,0.010617079130793683,0.4267491926110967,2,4,2.899811512251704E-4,9606,Homo sapiens,"BCL2","P10415",BCL2,Q9C000,"R-HSA-844447;R-HSA-879201"
R-HSA-69473,"G2/M DNA damage checkpoint",2,80,0,44,0.005296610169491525,0.012934723993767938,0.4267491926110967,2,12,8.699434536755111E-4,9606,Homo sapiens,"HERC2;RNF8","",,,"R-HSA-5683735;R-HSA-69891"
R-HSA-444821,"Relaxin receptors",1,8,0,2,5.296610169491525E-4,0.015133689438967313,0.4267491926110967,1,4,2.899811512251704E-4,9606,Homo sapiens,"LGR4","",,,"R-HSA-444879"
R-HSA-445355,"Smooth Muscle Contraction",2,49,0,80,0.0032441737288135594,0.016123268026071336,0.4267491926110967,2,11,7.974481658692185E-4,9606,Homo sapiens,"ANXA1;CAV3","",,,"R-HSA-5263633;R-HSA-5263628"
R-HSA-111448,"Activation of NOXA and translocation to mitochondria",0,6,2,5,3.9724576271186443E-4,0.01663477418971926,0.4267491926110967,3,5,3.6247643903146296E-4,9606,Homo sapiens,"","",BCL2;BCL2,Q13794,"R-HSA-140214;R-HSA-140216;R-HSA-140217"
R-HSA-72165,"mRNA Splicing - Minor Pathway",2,56,0,86,0.003707627118644068,0.01961266536702677,0.4267491926110967,5,5,3.6247643903146296E-4,9606,Homo sapiens,"SRSF1;DDX42","",,,"R-HSA-75079;R-HSA-75081;R-HSA-75080;R-HSA-75083;R-HSA-75082"
R-HSA-139915,"Activation of PUMA and translocation to mitochondria",0,10,1,5,6.620762711864406E-4,0.022616938144361942,0.4267491926110967,3,5,3.6247643903146296E-4,9606,Homo sapiens,"","",BCL2,Q9BXH1,"R-HSA-139914;R-HSA-139913;R-HSA-140221"
R-HSA-444473,"Formyl peptide receptors bind formyl peptides and many other ligands",1,11,0,7,7.282838983050848E-4,0.025594759586219373,0.4267491926110967,2,3,2.1748586341887777E-4,9606,Homo sapiens,"ANXA1","",,,"R-HSA-444476;R-HSA-391913"
R-HSA-190377,"FGFR2b ligand binding and activation",1,14,0,4,9.26906779661017E-4,0.027080366265765154,0.4267491926110967,2,3,2.1748586341887777E-4,9606,Homo sapiens,"FGFBP3","",,,"R-HSA-5656070;R-HSA-190260"
R-HSA-427601,"Multifunctional anion exchangers",1,19,0,1,0.0012579449152542372,0.030044987338969764,0.4267491926110967,1,6,4.3497172683775554E-4,9606,Homo sapiens,"SLC5A12","",,,"R-HSA-8876312"
R-HSA-75108,"Activation, myristolyation of BID and translocation to mitochondria",0,4,1,18,2.6483050847457627E-4,0.03300083970894663,0.4267491926110967,4,4,2.899811512251704E-4,9606,Homo sapiens,"","",BCL2,P55957,"R-HSA-139920;R-HSA-141367;R-HSA-139893;R-HSA-139898"
R-HSA-69481,"G2/M Checkpoints",2,153,0,61,0.010129766949152543,0.036317578250447236,0.4267491926110967,2,24,0.0017398869073510222,9606,Homo sapiens,"HERC2;RNF8","",,,"R-HSA-5683735;R-HSA-69891"
R-HSA-429958,"mRNA decay by 3' to 5' exoribonuclease",1,24,0,4,0.0015889830508474577,0.040352272446797954,0.4267491926110967,1,3,2.1748586341887777E-4,9606,Homo sapiens,"EXOSC7","",,,"R-HSA-430028"
R-HSA-190241,"FGFR2 ligand binding and activation",1,26,0,4,0.0017213983050847457,0.04473706415381595,0.4267491926110967,2,5,3.6247643903146296E-4,9606,Homo sapiens,"FGFBP3","",,,"R-HSA-5656070;R-HSA-190260"
R-HSA-114294,"Activation, translocation and oligomerization of BAX",0,2,1,32,1.3241525423728814E-4,0.0476494488959599,0.4267491926110967,4,4,2.899811512251704E-4,9606,Homo sapiens,"","",BCL2,P55957;Q07812,"R-HSA-114275;R-HSA-168849;R-HSA-114264;R-HSA-139917"
R-HSA-9634638,"Estrogen-dependent nuclear events downstream of ESR-membrane signaling",2,29,1,217,0.001920021186440678,0.051008121790477645,0.4267491926110967,1,12,8.699434536755111E-4,9606,Homo sapiens,"BCL2","P10415;ENSG00000171791",BCL2,P10415,"R-HSA-9623999"
R-HSA-4641263,"Regulation of FZD by ubiquitination",1,22,0,13,0.0014565677966101695,0.05200187342693896,0.4267491926110967,3,6,4.3497172683775554E-4,9606,Homo sapiens,"LGR4","",,,"R-HSA-4641206;R-HSA-4641205;R-HSA-4641246"
R-HSA-111452,"Activation and oligomerization of BAK protein",0,2,1,37,1.3241525423728814E-4,0.05489275744051281,0.4267491926110967,3,3,2.1748586341887777E-4,9606,Homo sapiens,"","",BCL2,Q16611;P55957,"R-HSA-168848;R-HSA-139895;R-HSA-114263"
R-HSA-111447,"Activation of BAD and translocation to mitochondria ",1,19,1,27,0.0012579449152542372,0.05633498898881395,0.4267491926110967,5,5,3.6247643903146296E-4,9606,Homo sapiens,"BCL2","P10415",BCL2,P55957;Q92934,"R-HSA-139906;R-HSA-139905;R-HSA-198347;R-HSA-139899;R-HSA-139897"
R-HSA-9603505,"NTRK3 as a dependence receptor",0,3,1,36,1.9862288135593222E-4,0.05633498898881395,0.4267491926110967,1,4,2.899811512251704E-4,9606,Homo sapiens,"","",BCL2,Q07812,"R-HSA-9603598"
R-HSA-168927,"TICAM1, RIP1-mediated IKK complex recruitment",0,19,1,26,0.0012579449152542372,0.05921304653167192,0.4267491926110967,1,3,2.1748586341887777E-4,9606,Homo sapiens,"","",ANXA1,Q13546,"R-HSA-168930"
R-HSA-111446,"Activation of BIM and translocation to mitochondria ",0,5,1,37,3.310381355932203E-4,0.060648878658690286,0.4267491926110967,2,2,1.449905756125852E-4,9606,Homo sapiens,"","",BCL2,O43521,"R-HSA-139918;R-HSA-139919"
R-HSA-1810476,"RIP-mediated NFkB activation via ZBP1",0,19,1,26,0.0012579449152542372,0.06208258377063569,0.4267491926110967,1,4,2.899811512251704E-4,9606,Homo sapiens,"","",ANXA1,Q13546,"R-HSA-1810457"
R-HSA-937041,"IKK complex recruitment mediated by RIP1",0,24,1,26,0.0015889830508474577,0.06637096755053473,0.4267491926110967,1,3,2.1748586341887777E-4,9606,Homo sapiens,"","",ANXA1,Q13546,"R-HSA-168921"
R-HSA-8934903,"Receptor Mediated Mitophagy",0,13,1,36,8.606991525423729E-4,0.06779619511544566,0.4267491926110967,5,7,5.074670146440482E-4,9606,Homo sapiens,"","",SENP2,Q8IVP5,"R-HSA-8948139;R-HSA-8948143;R-HSA-8948146;R-HSA-8959573;R-HSA-8948039"
R-HSA-8952158,"RUNX3 regulates BCL2L11 (BIM) transcription",0,6,1,47,3.9724576271186443E-4,0.07347601790103919,0.4267491926110967,1,2,1.449905756125852E-4,9606,Homo sapiens,"","",BCL2,O43521,"R-HSA-8952232"
R-HSA-198693,"AKT phosphorylates targets in the nucleus",0,12,1,39,7.944915254237289E-4,0.07347601790103919,0.4267491926110967,1,4,2.899811512251704E-4,9606,Homo sapiens,"","",BCL2,P22736,"R-HSA-199863"
R-HSA-73863,"RNA Polymerase I Transcription Termination",0,33,1,22,0.002184851694915254,0.07912224592241479,0.4267491926110967,2,4,2.899811512251704E-4,9606,Homo sapiens,"","",CAV3,Q6NZI2,"R-HSA-74993;R-HSA-74992"
R-HSA-8866423,"VLDL assembly",0,9,1,50,5.958686440677966E-4,0.084735071897594,0.4267491926110967,1,5,3.6247643903146296E-4,9606,Homo sapiens,"","",SENP2,P55056,"R-HSA-8866321"
R-HSA-5696400,"Dual Incision in GG-NER",0,41,1,24,0.002714512711864407,0.09031468747342775,0.4267491926110967,1,3,2.1748586341887777E-4,9606,Homo sapiens,"","",HERC2,P23025,"R-HSA-5690988"
R-HSA-9686347,"Microbial modulation of RIPK1-mediated regulated necrosis",0,10,1,56,6.620762711864406E-4,0.09031468747342775,0.4267491926110967,1,9,6.524575902566333E-4,9606,Homo sapiens,"","",ANXA1,Q13546,"R-HSA-9687465"
R-HSA-5693607,"Processing of DNA double-strand break ends",2,89,0,262,0.005892478813559322,0.09139845742329644,0.4267491926110967,2,17,0.001232419892706974,9606,Homo sapiens,"HERC2;RNF8","",,,"R-HSA-5684071;R-HSA-5684052"
R-HSA-109606,"Intrinsic Pathway for Apoptosis",2,64,3,304,0.00423728813559322,0.09232829128095343,0.4267491926110967,29,62,0.0044947078439901405,9606,Homo sapiens,"BCL2","P10415;ENSG00000171791",MTFR1;BCL2;BCL2,Q9NR28;O43521;Q16611;P10415;Q13794;Q9BXH1;P55957;Q92934;Q07812,"R-HSA-139906;R-HSA-114307;R-HSA-139905;R-HSA-508163;R-HSA-139914;R-HSA-198347;R-HSA-139913;R-HSA-139918;R-HSA-139919;R-HSA-139917;R-HSA-168848;R-HSA-139920;R-HSA-168849;R-HSA-114263;R-HSA-114264;R-HSA-114275;R-HSA-6790025;R-HSA-9627106;R-HSA-114352;R-HSA-140214;R-HSA-139895;R-HSA-141367;R-HSA-139893;R-HSA-139898;R-HSA-139899;R-HSA-140216;R-HSA-139897;R-HSA-140217;R-HSA-140221"
R-HSA-111457,"Release of apoptotic factors from the mitochondria",0,8,1,61,5.296610169491525E-4,0.09999967484311612,0.4267491926110967,2,4,2.899811512251704E-4,9606,Homo sapiens,"","",MTFR1,Q9NR28,"R-HSA-9627106;R-HSA-114307"
R-HSA-73856,"RNA Polymerase II Transcription Termination",1,69,0,0,0.004568326271186441,0.09999967484311612,0.4267491926110967,1,4,2.899811512251704E-4,9606,Homo sapiens,"SRSF1","",,,"R-HSA-72180"
R-HSA-111995,"phospho-PLA2 pathway",0,9,2,64,5.958686440677966E-4,0.10411967900005803,0.4267491926110967,1,3,2.1748586341887777E-4,9606,Homo sapiens,"","",RNF8;BCL2,P28482,"R-HSA-111898"
R-HSA-203641,"NOSTRIN mediated eNOS trafficking",0,10,1,66,6.620762711864406E-4,0.10822137493518857,0.4267491926110967,2,4,2.899811512251704E-4,9606,Homo sapiens,"","",RNF8,O00401;P50570,"R-HSA-203662;R-HSA-203565"
R-HSA-72187,"mRNA 3'-end processing",1,60,0,25,0.003972457627118644,0.10958455206675188,0.4267491926110967,3,3,2.1748586341887777E-4,9606,Homo sapiens,"SRSF1","",,,"R-HSA-8849157;R-HSA-72180;R-HSA-72185"
R-HSA-933543,"NF-kB activation through FADD/RIP-1 pathway mediated by caspase-8 and -10",0,14,1,67,9.26906779661017E-4,0.10958455206675188,0.4267491926110967,1,5,3.6247643903146296E-4,9606,Homo sapiens,"","",ANXA1,Q13546,"R-HSA-168934"
R-HSA-5362517,"Signaling by Retinoic Acid",1,73,0,7,0.004833156779661017,0.11501706404285272,0.4267491926110967,4,21,0.0015224010439321444,9606,Homo sapiens,"FABP5","",,,"R-HSA-5634100;R-HSA-5622129;R-HSA-5422942;R-HSA-5633256"
R-HSA-112411,"MAPK1 (ERK2) activation",0,12,2,70,7.944915254237289E-4,0.11637015741942325,0.4267491926110967,2,3,2.1748586341887777E-4,9606,Homo sapiens,"","",RNF8;BCL2,P28482,"R-HSA-109858;R-HSA-109864"
R-HSA-75158,"TRAIL  signaling",0,8,1,80,5.296610169491525E-4,0.11637015741942325,0.4267491926110967,1,6,4.3497172683775554E-4,9606,Homo sapiens,"","",SENP2,Q9UBN6,"R-HSA-5635741"
R-HSA-1268020,"Mitochondrial protein import",1,69,0,15,0.004568326271186441,0.11772124274288664,0.4267491926110967,10,14,0.0010149340292880964,9606,Homo sapiens,"TIMM23","",,,"R-HSA-1299475;R-HSA-1299478;R-HSA-1299476;R-HSA-1307803;R-HSA-1955380;R-HSA-1299482;R-HSA-1299481;R-HSA-1299480;R-HSA-1299487;R-HSA-1299484"
R-HSA-397014,"Muscle contraction",2,213,0,185,0.014102224576271187,0.11793178300314067,0.4267491926110967,2,42,0.003044802087864289,9606,Homo sapiens,"ANXA1;CAV3","",,,"R-HSA-5263633;R-HSA-5263628"
R-HSA-1368082,"RORA activates gene expression",0,26,1,60,0.0017213983050847457,0.12310556124260197,0.4267491926110967,2,4,2.899811512251704E-4,9606,Homo sapiens,"","",BRD7,Q09472,"R-HSA-5663264;R-HSA-5663293"
R-HSA-6782135,"Dual incision in TC-NER",0,68,1,23,0.004502118644067797,0.12310556124260197,0.4267491926110967,1,7,5.074670146440482E-4,9606,Homo sapiens,"","",HERC2,P23025,"R-HSA-6782224"
R-HSA-2197563,"NOTCH2 intracellular domain regulates transcription",0,16,1,77,0.001059322033898305,0.12845798135815056,0.4267491926110967,1,9,6.524575902566333E-4,9606,Homo sapiens,"","",BRD7,Q09472,"R-HSA-2976563"
R-HSA-165054,"Rev-mediated nuclear export of HIV RNA",0,45,1,49,0.002979343220338983,0.12845798135815056,0.4267491926110967,1,10,7.249528780629259E-4,9606,Homo sapiens,"","",SENP2,P46060,"R-HSA-165055"
R-HSA-1606322,"ZBP1(DAI) mediated induction of type I IFNs",0,23,1,78,0.0015227754237288136,0.1351039285218394,0.4267491926110967,1,11,7.974481658692185E-4,9606,Homo sapiens,"","",ANXA1,Q13546,"R-HSA-1810457"
R-HSA-5602636,"IKBKB deficiency causes SCID",0,3,2,96,1.9862288135593222E-4,0.13642720271216757,0.4267491926110967,1,1,7.24952878062926E-5,9606,Homo sapiens,"","",SENP2;ANXA1,Q9Y6K9,"R-HSA-5228840"
R-HSA-8939243,"RUNX1 interacts with co-factors whose precise effect on RUNX1 targets is not known",0,39,1,61,0.0025820974576271187,0.13642720271216757,0.4267491926110967,1,5,3.6247643903146296E-4,9606,Homo sapiens,"","",BRD7,Q09472,"R-HSA-8878056"
R-HSA-3065679,"SUMO is proteolytically processed",1,6,1,95,3.9724576271186443E-4,0.14038524584518774,0.4267491926110967,3,3,2.1748586341887777E-4,9606,Homo sapiens,"SENP2","Q9HC62",SENP2,P55854;P63165;P61956,"R-HSA-2990840;R-HSA-2990842;R-HSA-2993763"
R-HSA-110056,"MAPK3 (ERK1) activation",0,13,1,88,8.606991525423729E-4,0.14038524584518774,0.4267491926110967,2,4,2.899811512251704E-4,9606,Homo sapiens,"","",MRFAP1L1,P27361,"R-HSA-109857;R-HSA-109863"
R-HSA-114452,"Activation of BH3-only proteins",1,36,2,76,0.0023834745762711866,0.1417006764970532,0.4267491926110967,13,19,0.0013774104683195593,9606,Homo sapiens,"BCL2","P10415",BCL2;BCL2,O43521;Q13794;Q9BXH1;P55957;Q92934,"R-HSA-139906;R-HSA-139905;R-HSA-139914;R-HSA-198347;R-HSA-139913;R-HSA-139918;R-HSA-139919;R-HSA-140214;R-HSA-139899;R-HSA-140216;R-HSA-139897;R-HSA-140217;R-HSA-140221"
R-HSA-3065676,"SUMO is conjugated to E1 (UBA2:SAE1)",0,8,1,95,5.296610169491525E-4,0.14301415331958467,0.4267491926110967,3,3,2.1748586341887777E-4,9606,Homo sapiens,"","",SENP2,P55854;P63165;P61956,"R-HSA-2993784;R-HSA-2993781;R-HSA-2990833"
R-HSA-9759194,"Nuclear events mediated by NFE2L2",2,106,0,363,0.007018008474576272,0.14984818098543484,0.4267491926110967,2,46,0.003334783239089459,9606,Homo sapiens,"ME1","",,,"R-HSA-9761825;R-HSA-9761854"
R-HSA-70268,"Pyruvate metabolism",1,57,0,53,0.003773834745762712,0.15085414116143137,0.4267491926110967,1,15,0.001087429317094389,9606,Homo sapiens,"ME1","",,,"R-HSA-9012036"
R-HSA-1234158,"Regulation of gene expression by Hypoxia-inducible Factor",0,15,1,98,9.93114406779661E-4,0.1521540197577309,0.4267491926110967,1,7,5.074670146440482E-4,9606,Homo sapiens,"","",BRD7,Q09472,"R-HSA-1234167"
R-HSA-5693548,"Sensing of DNA Double Strand Breaks",0,15,1,98,9.93114406779661E-4,0.1534519669289396,0.4267491926110967,3,9,6.524575902566333E-4,9606,Homo sapiens,"","",RNF8,O60934,"R-HSA-5684006;R-HSA-75174;R-HSA-5684008"
R-HSA-5693571,"Nonhomologous End-Joining (NHEJ)",2,56,0,428,0.003707627118644068,0.15728904927420428,0.4267491926110967,4,13,9.424387414818037E-4,9606,Homo sapiens,"HERC2;RNF8","",,,"R-HSA-5686900;R-HSA-5686704;R-HSA-5693599;R-HSA-5686685"
R-HSA-8951936,"RUNX3 regulates p14-ARF",0,16,1,100,0.001059322033898305,0.15991282867671874,0.4267491926110967,2,8,5.799623024503408E-4,9606,Homo sapiens,"","",BRD7,Q09472,"R-HSA-8952058;R-HSA-8951951"
R-HSA-5693565,"Recruitment and ATM-mediated phosphorylation of repair and signaling proteins at DNA double strand breaks",2,67,0,425,0.004435911016949153,0.16103695666710882,0.4267491926110967,17,39,0.002827316224445411,9606,Homo sapiens,"HERC2;RNF8","",,,"R-HSA-5683735;R-HSA-69891;R-HSA-5693566;R-HSA-5682588;R-HSA-5682586;R-HSA-5683384;R-HSA-5683801;R-HSA-5683385;R-HSA-5682598;R-HSA-5682629;R-HSA-5683077;R-HSA-5683425;R-HSA-5682607;R-HSA-5682863;R-HSA-5693551;R-HSA-5683405;R-HSA-5682858"
R-HSA-8866907,"Activation of the TFAP2 (AP-2) family of transcription factors",0,12,1,105,7.944915254237289E-4,0.1611992456039727,0.4267491926110967,1,4,2.899811512251704E-4,9606,Homo sapiens,"","",BRD7,Q09472,"R-HSA-8864307"
R-HSA-8963898,"Plasma lipoprotein assembly",0,30,1,89,0.001986228813559322,0.1611992456039727,0.4267491926110967,1,19,0.0013774104683195593,9606,Homo sapiens,"","",SENP2,P55056,"R-HSA-8866321"
R-HSA-9009391,"Extra-nuclear estrogen signaling",2,111,1,380,0.007349046610169492,0.1615738008186156,0.4267491926110967,1,39,0.002827316224445411,9606,Homo sapiens,"BCL2","P10415;ENSG00000171791",BCL2,P10415,"R-HSA-9623999"
R-HSA-1980145,"Signaling by NOTCH2",0,38,1,82,0.0025158898305084744,0.16376634613726715,0.4267491926110967,1,20,0.0014499057561258518,9606,Homo sapiens,"","",BRD7,Q09472,"R-HSA-2976563"
R-HSA-418885,"DCC mediated attractive signaling",0,19,1,105,0.0012579449152542372,0.16504703525123532,0.4267491926110967,1,12,8.699434536755111E-4,9606,Homo sapiens,"","",RNF8,O00401,"R-HSA-418874"
R-HSA-437239,"Recycling pathway of L1",0,55,2,76,0.0036414194915254236,0.173958706916843,0.4267491926110967,1,14,0.0010149340292880964,9606,Homo sapiens,"","",RNF8;BCL2,P28482,"R-HSA-445079"
R-HSA-445989,"TAK1-dependent IKK and NF-kappa-B activation  ",0,40,2,96,0.0026483050847457626,0.17522424250192414,0.4267491926110967,1,5,3.6247643903146296E-4,9606,Homo sapiens,"","",SENP2;ANXA1,Q9Y6K9,"R-HSA-5609665"
R-HSA-8964572,"Lipid particle organization",0,9,1,118,5.958686440677966E-4,0.17648789616526106,0.4267491926110967,1,4,2.899811512251704E-4,9606,Homo sapiens,"","",TIMM23,Q7Z5P4,"R-HSA-8862380"
R-HSA-163560,"Triglyceride catabolism",1,42,0,91,0.002780720338983051,0.18152374582114594,0.4267491926110967,1,17,0.001232419892706974,9606,Homo sapiens,"FABP5","",,,"R-HSA-5334794"
R-HSA-375276,"Peptide ligand-binding receptors",2,203,0,344,0.013440148305084746,0.1849610944637129,0.4267491926110967,3,77,0.005582137161084529,9606,Homo sapiens,"ANXA1;LGR4","",,,"R-HSA-444879;R-HSA-444476;R-HSA-391913"
R-HSA-6781823,"Formation of TC-NER Pre-Incision Complex",0,56,2,81,0.003707627118644068,0.18528100548534676,0.4267491926110967,1,7,5.074670146440482E-4,9606,Homo sapiens,"","",HERC2;BRD7,P23025;Q09472,"R-HSA-6782004"
R-HSA-429914,"Deadenylation-dependent mRNA decay",1,65,0,82,0.004303495762711864,0.1890215222750008,0.4267491926110967,1,10,7.249528780629259E-4,9606,Homo sapiens,"EXOSC7","",,,"R-HSA-430028"
R-HSA-9701898,"STAT3 nuclear events downstream of ALK signaling",0,18,1,123,0.0011917372881355933,0.1890215222750008,0.4267491926110967,1,10,7.249528780629259E-4,9606,Homo sapiens,"","",BRD7,Q09472,"R-HSA-9701531"
R-HSA-380994,"ATF4 activates genes in response to endoplasmic reticulum  stress",1,34,0,109,0.0022510593220338984,0.19026465308107499,0.4267491926110967,1,7,5.074670146440482E-4,9606,Homo sapiens,"EXOSC7","",,,"R-HSA-517731"
R-HSA-877312,"Regulation of IFNG signaling",0,16,1,124,0.001059322033898305,0.19150593428238438,0.4267491926110967,1,4,2.899811512251704E-4,9606,Homo sapiens,"","",SENP2,P63165,"R-HSA-877281"
R-HSA-5693606,"DNA Double Strand Break Response",2,75,1,485,0.004965572033898305,0.19601278577250536,0.4267491926110967,20,48,0.0034797738147020443,9606,Homo sapiens,"HERC2;RNF8","O95714;O76064",RNF8,O60934,"R-HSA-5683735;R-HSA-69891;R-HSA-75174;R-HSA-5693566;R-HSA-5682588;R-HSA-5682586;R-HSA-5683384;R-HSA-5683801;R-HSA-5683385;R-HSA-5682598;R-HSA-5684006;R-HSA-5682629;R-HSA-5683077;R-HSA-5683425;R-HSA-5682607;R-HSA-5682863;R-HSA-5693551;R-HSA-5683405;R-HSA-5682858;R-HSA-5684008"
R-HSA-1614558,"Degradation of cysteine and homocysteine",0,52,1,92,0.0034427966101694915,0.19645261635770395,0.4267491926110967,2,23,0.0016673916195447296,9606,Homo sapiens,"","",MRFAP1L1,Q99757,"R-HSA-9035227;R-HSA-9035484"
R-HSA-69620,"Cell Cycle Checkpoints",2,279,1,325,0.018471927966101694,0.1987901445979623,0.4267491926110967,3,56,0.0040597361171523854,9606,Homo sapiens,"HERC2;RNF8","O95714;O76064",RNF8,Q9Y6D9,"R-HSA-5683735;R-HSA-69891;R-HSA-141409"
R-HSA-381042,"PERK regulates gene expression",1,42,0,111,0.002780720338983051,0.20014333745804602,0.4267491926110967,1,11,7.974481658692185E-4,9606,Homo sapiens,"EXOSC7","",,,"R-HSA-517731"
R-HSA-1482788,"Acyl chain remodelling of PC",0,40,1,109,0.0026483050847457626,0.20259467198358883,0.4267491926110967,1,9,6.524575902566333E-4,9606,Homo sapiens,"","",TIMM23,Q8N661,"R-HSA-8874435"
R-HSA-198323,"AKT phosphorylates targets in the cytosol",0,16,1,143,0.001059322033898305,0.21111705352779742,0.4267491926110967,1,9,6.524575902566333E-4,9606,Homo sapiens,"","",BCL2,Q92934,"R-HSA-198347"
R-HSA-9018519,"Estrogen-dependent gene expression",3,154,3,926,0.010195974576271187,0.21187644216534396,0.4267491926110967,24,66,0.004784688995215311,9606,Homo sapiens,"FOXA1;BCL2","P10415;ENSG00000171791;P55317",BRD7;VSNL1;BCL2,P10415;P04155;Q09472,"R-HSA-9009065;R-HSA-9011981;R-HSA-9023884;R-HSA-9008271;R-HSA-9011983;R-HSA-9018497;R-HSA-9009536;R-HSA-9023840;R-HSA-9018499;R-HSA-9009378;R-HSA-9011941;R-HSA-9009541;R-HSA-9038052;R-HSA-9009371;R-HSA-9009533;R-HSA-9008285;R-HSA-9018494;R-HSA-9011985;R-HSA-9011984;R-HSA-9023859;R-HSA-9038163;R-HSA-9023861;R-HSA-9023860;R-HSA-9009526"
R-HSA-112409,"RAF-independent MAPK1/3 activation",0,28,3,137,0.001853813559322034,0.21232729672779804,0.4267491926110967,4,12,8.699434536755111E-4,9606,Homo sapiens,"","",MRFAP1L1;RNF8;BCL2,P27361;P28482,"R-HSA-109857;R-HSA-109858;R-HSA-109863;R-HSA-109864"
R-HSA-177243,"Interactions of Rev with host cellular proteins",0,47,1,115,0.003111758474576271,0.21232729672779804,0.4267491926110967,1,16,0.0011599246049006815,9606,Homo sapiens,"","",SENP2,P46060,"R-HSA-165055"
R-HSA-8979227,"Triglyceride metabolism",1,66,0,92,0.004369703389830508,0.21232729672779804,0.4267491926110967,1,24,0.0017398869073510222,9606,Homo sapiens,"FABP5","",,,"R-HSA-5334794"
R-HSA-71406,"Pyruvate metabolism and Citric Acid (TCA) cycle",1,100,0,60,0.0066207627118644065,0.21353573779265722,0.4267491926110967,1,36,0.0026098303610265334,9606,Homo sapiens,"ME1","",,,"R-HSA-9012036"
R-HSA-1989781,"PPARA activates gene expression",2,175,1,404,0.011586334745762712,0.21443483251147155,0.4267491926110967,1,41,0.002972306800057996,9606,Homo sapiens,"ME1","P48163;ENSG00000065833",ME1,P48163,"R-HSA-1989756"
R-HSA-159227,"Transport of the SLBP independent Mature mRNA",0,39,1,127,0.0025820974576271187,0.214742379324671,0.4267491926110967,2,3,2.1748586341887777E-4,9606,Homo sapiens,"","",SRSF1,Q9UBU9,"R-HSA-158484;R-HSA-111439"
R-HSA-159231,"Transport of Mature mRNA Derived from an Intronless Transcript",0,46,1,127,0.0030455508474576272,0.22313870095928945,0.4267491926110967,2,3,2.1748586341887777E-4,9606,Homo sapiens,"","",SRSF1,Q9UBU9,"R-HSA-77594;R-HSA-158447"
R-HSA-6781827,"Transcription-Coupled Nucleotide Excision Repair (TC-NER)",0,85,2,88,0.0056276483050847455,0.2243310394756114,0.4267491926110967,3,17,0.001232419892706974,9606,Homo sapiens,"","",HERC2;BRD7,P23025;Q09472,"R-HSA-6782004;R-HSA-6782224;R-HSA-6782234"
R-HSA-141424,"Amplification of signal from the kinetochores",0,94,1,79,0.006223516949152542,0.2255216017165802,0.4267491926110967,1,4,2.899811512251704E-4,9606,Homo sapiens,"","",RNF8,Q9Y6D9,"R-HSA-141409"
R-HSA-141444,"Amplification  of signal from unattached  kinetochores via a MAD2  inhibitory signal",0,94,1,79,0.006223516949152542,0.2255216017165802,0.4267491926110967,1,4,2.899811512251704E-4,9606,Homo sapiens,"","",RNF8,Q9Y6D9,"R-HSA-141409"
R-HSA-6803204,"TP53 Regulates Transcription of Genes Involved in Cytochrome C Release",0,33,2,140,0.002184851694915254,0.2267103902483083,0.4267491926110967,4,25,0.0018123821951573148,9606,Homo sapiens,"","",BCL2;BCL2,Q07812;Q13794;Q9BXH1;P55957,"R-HSA-3700984;R-HSA-140214;R-HSA-139913;R-HSA-6791291"
R-HSA-3215018,"Processing and activation of SUMO",1,13,1,165,8.606991525423729E-4,0.22789740763332522,0.4267491926110967,6,9,6.524575902566333E-4,9606,Homo sapiens,"SENP2","Q9HC62",SENP2,P55854;P63165;P61956,"R-HSA-2990840;R-HSA-2993784;R-HSA-2990842;R-HSA-2993781;R-HSA-2990833;R-HSA-2993763"
R-HSA-450513,"Tristetraprolin (TTP, ZFP36) binds and destabilizes mRNA",1,19,0,155,0.0012579449152542372,0.22908265643057113,0.4267491926110967,1,4,2.899811512251704E-4,9606,Homo sapiens,"EXOSC7","",,,"R-HSA-450431"
R-HSA-9034015,"Signaling by NTRK3 (TRKC)",0,27,1,148,0.0017876059322033898,0.22908265643057113,0.4267491926110967,1,19,0.0013774104683195593,9606,Homo sapiens,"","",BCL2,Q07812,"R-HSA-9603598"
R-HSA-400206,"Regulation of lipid metabolism by PPARalpha",2,177,1,439,0.01171875,0.23077169992358715,0.4267491926110967,1,44,0.003189792663476874,9606,Homo sapiens,"ME1","P48163;ENSG00000065833",ME1,P48163,"R-HSA-1989756"
R-HSA-9755511,"KEAP1-NFE2L2 pathway",2,141,0,486,0.009335275423728813,0.23190235204882625,0.4267491926110967,2,78,0.005654632448890822,9606,Homo sapiens,"ME1","",,,"R-HSA-9761825;R-HSA-9761854"
R-HSA-5696395,"Formation of Incision Complex in GG-NER",0,47,1,142,0.003111758474576271,0.23733009175372588,0.4267491926110967,1,10,7.249528780629259E-4,9606,Homo sapiens,"","",HERC2,P23025,"R-HSA-5689861"
R-HSA-3928662,"EPHB-mediated forward signaling",0,52,1,138,0.0034427966101694915,0.23733009175372588,0.4267491926110967,1,26,0.0018848774829636073,9606,Homo sapiens,"","",RNF8,O00401,"R-HSA-3928600"
R-HSA-111471,"Apoptotic factor-mediated response",0,23,1,164,0.0015227754237288136,0.23850128354185174,0.4267491926110967,2,28,0.0020298680585761927,9606,Homo sapiens,"","",MTFR1,Q9NR28,"R-HSA-9627106;R-HSA-114307"
R-HSA-77289,"Mitochondrial Fatty Acid Beta-Oxidation",0,105,1,75,0.006951800847457627,0.23850128354185174,0.4267491926110967,1,47,0.003407278526895752,9606,Homo sapiens,"","",SENP2,Q96CM8,"R-HSA-5696004"
R-HSA-5205647,"Mitophagy",0,31,1,161,0.0020524364406779663,0.24083843248771675,0.4267491926110967,5,15,0.001087429317094389,9606,Homo sapiens,"","",SENP2,Q8IVP5,"R-HSA-8948139;R-HSA-8948143;R-HSA-8948146;R-HSA-8959573;R-HSA-8948039"
R-HSA-5635838,"Activation of SMO",0,20,1,163,0.0013241525423728813,0.24316861873100637,0.4267491926110967,1,9,6.524575902566333E-4,9606,Homo sapiens,"","",MRFAP1L1,O95995,"R-HSA-5632668"
R-HSA-9660821,"ADORA2B mediated anti-inflammatory cytokines production",1,159,0,26,0.010527012711864406,0.24433110712767658,0.4267491926110967,1,12,8.699434536755111E-4,9606,Homo sapiens,"LGR4","",,,"R-HSA-9660824"
R-HSA-373753,"Nephrin family interactions",0,25,1,171,0.0016551906779661016,0.25011760212537393,0.4267491926110967,1,13,9.424387414818037E-4,9606,Homo sapiens,"","",RNF8,O00401,"R-HSA-532603"
R-HSA-159230,"Transport of the SLBP Dependant Mature mRNA",0,40,1,159,0.0026483050847457626,0.25242013815739917,0.4267491926110967,2,3,2.1748586341887777E-4,9606,Homo sapiens,"","",SRSF1,Q9UBU9,"R-HSA-77587;R-HSA-159050"
R-HSA-5602358,"Diseases associated with the TLR signaling cascade",0,42,2,163,0.002780720338983051,0.2547158115059751,0.4267491926110967,1,15,0.001087429317094389,9606,Homo sapiens,"","",SENP2;ANXA1,Q9Y6K9,"R-HSA-5228840"
R-HSA-5260271,"Diseases of Immune System",0,42,2,163,0.002780720338983051,0.2547158115059751,0.4267491926110967,1,15,0.001087429317094389,9606,Homo sapiens,"","",SENP2;ANXA1,Q9Y6K9,"R-HSA-5228840"
R-HSA-156711,"Polo-like kinase mediated events",0,23,1,179,0.0015227754237288136,0.2547158115059751,0.4267491926110967,1,15,0.001087429317094389,9606,Homo sapiens,"","",BRD7,Q09472,"R-HSA-4088162"
R-HSA-1614635,"Sulfur amino acid metabolism",0,92,1,103,0.0060911016949152545,0.2547158115059751,0.4267491926110967,2,37,0.0026823256488328257,9606,Homo sapiens,"","",MRFAP1L1,Q99757,"R-HSA-9035227;R-HSA-9035484"
R-HSA-9617629,"Regulation of FOXO transcriptional activity by acetylation",0,16,1,186,0.001059322033898305,0.2558610808749304,0.4267491926110967,1,9,6.524575902566333E-4,9606,Homo sapiens,"","",BRD7,Q09472,"R-HSA-9617735"
R-HSA-6807047,"Cholesterol biosynthesis via desmosterol",0,14,1,183,9.26906779661017E-4,0.2592866494417303,0.4267491926110967,1,4,2.899811512251704E-4,9606,Homo sapiens,"","",TIMM23,Q15125,"R-HSA-195690"
R-HSA-6807062,"Cholesterol biosynthesis via lathosterol",0,14,1,183,9.26906779661017E-4,0.2592866494417303,0.4267491926110967,1,4,2.899811512251704E-4,9606,Homo sapiens,"","",TIMM23,Q15125,"R-HSA-6807052"
R-HSA-159234,"Transport of Mature mRNAs Derived from Intronless Transcripts",0,47,1,159,0.003111758474576271,0.26042510067522673,0.4267491926110967,6,9,6.524575902566333E-4,9606,Homo sapiens,"","",SRSF1,Q9UBU9,"R-HSA-77587;R-HSA-158484;R-HSA-159050;R-HSA-77594;R-HSA-158447;R-HSA-111439"
R-HSA-6804760,"Regulation of TP53 Activity through Methylation",0,23,1,178,0.0015227754237288136,0.26042510067522673,0.4267491926110967,1,12,8.699434536755111E-4,9606,Homo sapiens,"","",BRD7,Q09472,"R-HSA-6804229"
R-HSA-69618,"Mitotic Spindle Checkpoint",0,111,1,112,0.007349046610169492,0.2672202280959384,0.4267491926110967,1,7,5.074670146440482E-4,9606,Homo sapiens,"","",RNF8,Q9Y6D9,"R-HSA-141409"
R-HSA-8941858,"Regulation of RUNX3 expression and activity",0,57,1,151,0.003773834745762712,0.2694717750328328,0.4267491926110967,1,9,6.524575902566333E-4,9606,Homo sapiens,"","",BRD7,Q09472,"R-HSA-8952419"
R-HSA-111996,"Ca-dependent events",0,48,2,162,0.0031779661016949155,0.2694717750328328,0.4267491926110967,1,27,0.0019573727707699,9606,Homo sapiens,"","",RNF8;BCL2,P28482,"R-HSA-111898"
R-HSA-9614657,"FOXO-mediated transcription of cell death genes",0,23,1,188,0.0015227754237288136,0.2717166067099127,0.4267491926110967,2,15,0.001087429317094389,9606,Homo sapiens,"","",BCL2,Q9BXH1;O43521,"R-HSA-9622667;R-HSA-9622604"
R-HSA-9006931,"Signaling by Nuclear Receptors",4,387,4,1423,0.025622351694915255,0.2725831861854988,0.4267491926110967,31,193,0.01399159054661447,9606,Homo sapiens,"FOXA1;FABP5;BCL2","Q01469;P10415;ENSG00000171791;P55317",SENP2;BRD7;VSNL1;BCL2,P55056;P10415;P04155;Q09472,"R-HSA-9011981;R-HSA-9023884;R-HSA-9035279;R-HSA-9008271;R-HSA-9011983;R-HSA-9018497;R-HSA-9009536;R-HSA-9018499;R-HSA-5422942;R-HSA-9009541;R-HSA-9009371;R-HSA-9008285;R-HSA-9011985;R-HSA-9011984;R-HSA-9038163;R-HSA-9009065;R-HSA-5634100;R-HSA-5622129;R-HSA-9023840;R-HSA-9009378;R-HSA-9011941;R-HSA-9623999;R-HSA-9038052;R-HSA-9029561;R-HSA-9009533;R-HSA-9018494;R-HSA-9023859;R-HSA-9023861;R-HSA-5633256;R-HSA-9023860;R-HSA-9009526"
R-HSA-168638,"NOD1/2 Signaling Pathway",0,41,2,183,0.002714512711864407,0.2739547425503459,0.4267491926110967,1,18,0.0013049151805132667,9606,Homo sapiens,"","",SENP2;ANXA1,Q9Y6K9,"R-HSA-622415"
R-HSA-446353,"Cell-extracellular matrix interactions",0,19,1,200,0.0012579449152542372,0.2750713055866688,0.4267491926110967,1,10,7.249528780629259E-4,9606,Homo sapiens,"","",DMRTB1,P50552,"R-HSA-446364"
R-HSA-6804114,"TP53 Regulates Transcription of Genes Involved in G2 Cell Cycle Arrest",0,21,2,197,0.0013903601694915254,0.27841100414191366,0.4267491926110967,2,11,7.974481658692185E-4,9606,Homo sapiens,"","",BRD7;BCL2,Q07812;Q09472,"R-HSA-3215152;R-HSA-6803892"
R-HSA-1234174,"Cellular response to hypoxia",0,86,1,145,0.005693855932203389,0.28062916846781916,0.4267491926110967,1,20,0.0014499057561258518,9606,Homo sapiens,"","",BRD7,Q09472,"R-HSA-1234167"
R-HSA-450385,"Butyrate Response Factor 1 (BRF1) binds and destabilizes mRNA",1,19,0,207,0.0012579449152542372,0.28834074700595325,0.4267491926110967,1,6,4.3497172683775554E-4,9606,Homo sapiens,"EXOSC7","",,,"R-HSA-450488"
R-HSA-6804754,"Regulation of TP53 Expression",0,4,2,220,2.6483050847457627E-4,0.2894358301598936,0.4267491926110967,2,5,3.6247643903146296E-4,9606,Homo sapiens,"","",BRD7;BCL2,P04637,"R-HSA-6804188;R-HSA-6804762"
R-HSA-112043,"PLC beta mediated events",0,67,2,162,0.004435911016949153,0.290529277715055,0.4267491926110967,1,32,0.002319849209801363,9606,Homo sapiens,"","",RNF8;BCL2,P28482,"R-HSA-111898"
R-HSA-193648,"NRAGE signals death through JNK",0,64,1,166,0.00423728813559322,0.29162109204042397,0.4267491926110967,1,7,5.074670146440482E-4,9606,Homo sapiens,"","",BCL2,Q92934;O43521,"R-HSA-205075"
R-HSA-2028269,"Signaling by Hippo",0,22,1,220,0.0014565677966101695,0.29705574790239553,0.4267491926110967,1,30,0.002174858634188778,9606,Homo sapiens,"","",ANXA1,Q13043,"R-HSA-2028692"
R-HSA-112040,"G-protein mediated events",0,73,2,162,0.004833156779661017,0.29705574790239553,0.4267491926110967,1,41,0.002972306800057996,9606,Homo sapiens,"","",RNF8;BCL2,P28482,"R-HSA-111898"
R-HSA-5693567,"HDR through Homologous Recombination (HRR) or Single Strand Annealing (SSA)",2,124,0,635,0.008209745762711865,0.2978513665003447,0.4267491926110967,2,44,0.003189792663476874,9606,Homo sapiens,"HERC2;RNF8","",,,"R-HSA-5684071;R-HSA-5684052"
R-HSA-5696399,"Global Genome Nucleotide Excision Repair (GG-NER)",0,92,1,156,0.0060911016949152545,0.29921826018156417,0.4267491926110967,2,20,0.0014499057561258518,9606,Homo sapiens,"","",HERC2,P23025,"R-HSA-5689861;R-HSA-5690988"
R-HSA-5693538,"Homology Directed Repair",2,130,0,638,0.008606991525423728,0.3006935772079843,0.4267491926110967,2,52,0.0037697549659272147,9606,Homo sapiens,"HERC2;RNF8","",,,"R-HSA-5684071;R-HSA-5684052"
R-HSA-5674400,"Constitutive Signaling by AKT1 E17K in Cancer",0,29,1,227,0.001920021186440678,0.31417607713088125,0.4267491926110967,2,18,0.0013049151805132667,9606,Homo sapiens,"","",BCL2,Q92934;P22736,"R-HSA-2399988;R-HSA-2399941"
R-HSA-9635644,"Inhibition of membrane repair",0,3,1,247,1.9862288135593222E-4,0.3162874493645167,0.4267491926110967,1,3,2.1748586341887777E-4,9606,Homo sapiens,"","",MRFAP1L1,O14964,"R-HSA-9635667"
R-HSA-6811555,"PI5P Regulates TP53 Acetylation",0,17,1,233,0.0011255296610169492,0.3173407682944559,0.4267491926110967,1,8,5.799623024503408E-4,9606,Homo sapiens,"","",BRD7,Q09472,"R-HSA-6811479"
R-HSA-432722,"Golgi Associated Vesicle Biogenesis",0,61,1,203,0.004038665254237288,0.32049128377379377,0.4267491926110967,2,7,5.074670146440482E-4,9606,Homo sapiens,"","",RNF8,P50570,"R-HSA-421831;R-HSA-421835"
R-HSA-450604,"KSRP (KHSRP) binds and destabilizes mRNA",1,20,0,235,0.0013241525423728813,0.32153831609941474,0.4267491926110967,1,5,3.6247643903146296E-4,9606,Homo sapiens,"EXOSC7","",,,"R-HSA-450422"
R-HSA-5250924,"B-WICH complex positively regulates rRNA expression",0,62,1,201,0.0041048728813559325,0.32467002641537424,0.4267491926110967,1,3,2.1748586341887777E-4,9606,Homo sapiens,"","",BRD7,Q09472,"R-HSA-5250930"
R-HSA-3299685,"Detoxification of Reactive Oxygen Species",0,68,1,191,0.004502118644067797,0.3257108085270908,0.4267491926110967,3,34,0.002464839785413948,9606,Homo sapiens,"","",MRFAP1L1,Q99757,"R-HSA-3322995;R-HSA-3323050;R-HSA-3697894"
R-HSA-9609507,"Protein localization",1,170,0,105,0.011255296610169491,0.3288238225444131,0.4267491926110967,10,53,0.0038422502537335075,9606,Homo sapiens,"TIMM23","",,,"R-HSA-1299475;R-HSA-1299478;R-HSA-1299476;R-HSA-1307803;R-HSA-1955380;R-HSA-1299482;R-HSA-1299481;R-HSA-1299480;R-HSA-1299487;R-HSA-1299484"
R-HSA-418555,"G alpha (s) signalling events",1,187,0,78,0.01238082627118644,0.3308914108360609,0.4267491926110967,3,26,0.0018848774829636073,9606,Homo sapiens,"LGR4","",,,"R-HSA-379044;R-HSA-744887;R-HSA-744886"
R-HSA-4755510,"SUMOylation of immune response proteins",0,11,2,268,7.282838983050848E-4,0.3401193077725697,0.4267491926110967,1,5,3.6247643903146296E-4,9606,Homo sapiens,"","",SENP2;ANXA1,Q9Y6K9,"R-HSA-4755411"
R-HSA-8939211,"ESR-mediated signaling",3,257,3,1166,0.017015360169491525,0.3467235951430607,0.4267491926110967,25,112,0.008119472234304771,9606,Homo sapiens,"FOXA1;BCL2","P10415;ENSG00000171791;P55317",BRD7;VSNL1;BCL2,P10415;P04155;Q09472,"R-HSA-9011981;R-HSA-9023884;R-HSA-9008271;R-HSA-9011983;R-HSA-9018497;R-HSA-9009536;R-HSA-9018499;R-HSA-9009541;R-HSA-9009371;R-HSA-9008285;R-HSA-9011985;R-HSA-9011984;R-HSA-9038163;R-HSA-9009065;R-HSA-9023840;R-HSA-9009378;R-HSA-9011941;R-HSA-9623999;R-HSA-9038052;R-HSA-9009533;R-HSA-9018494;R-HSA-9023859;R-HSA-9023861;R-HSA-9023860;R-HSA-9009526"
R-HSA-9636383,"Prevention of phagosomal-lysosomal fusion",0,26,1,255,0.0017213983050847457,0.34922363264675416,0.4267491926110967,1,11,7.974481658692185E-4,9606,Homo sapiens,"","",MRFAP1L1,O14964,"R-HSA-9635667"
R-HSA-9679191,"Potential therapeutics for SARS",0,91,1,198,0.006024894067796611,0.3532307547413672,0.4267491926110967,1,34,0.002464839785413948,9606,Homo sapiens,"","",ANXA1,Q13546,"R-HSA-9679839"
R-HSA-8874211,"CREB3 factors activate genes",0,9,1,279,5.958686440677966E-4,0.3542287872816202,0.4267491926110967,4,21,0.0015224010439321444,9606,Homo sapiens,"","",TIMM23,Q96BA8,"R-HSA-8874212;R-HSA-8874194;R-HSA-8874193;R-HSA-8874184"
R-HSA-5638302,"Signaling by Overexpressed Wild-Type EGFR in Cancer",0,8,1,284,5.296610169491525E-4,0.3552253249816374,0.4267491926110967,1,2,1.449905756125852E-4,9606,Homo sapiens,"","",ANXA1,P00533,"R-HSA-1248677"
R-HSA-5638303,"Inhibition of Signaling by Overexpressed EGFR",0,8,1,284,5.296610169491525E-4,0.3552253249816374,0.4267491926110967,1,2,1.449905756125852E-4,9606,Homo sapiens,"","",ANXA1,P00533,"R-HSA-1248677"
R-HSA-622312,"Inflammasomes",1,34,1,266,0.0022510593220338984,0.35622037001262297,0.4267491926110967,2,28,0.0020298680585761927,9606,Homo sapiens,"BCL2","P10415",BCL2,Q9C000,"R-HSA-844447;R-HSA-879201"
R-HSA-6804758,"Regulation of TP53 Activity through Acetylation",1,39,1,256,0.0025820974576271187,0.3591965707576279,0.4267491926110967,4,14,0.0010149340292880964,9606,Homo sapiens,"BRD7","Q9NPI1",BRD7,Q09472,"R-HSA-6811479;R-HSA-5628871;R-HSA-6805650;R-HSA-3222093"
R-HSA-4615885,"SUMOylation of DNA replication proteins",0,50,1,253,0.0033103813559322032,0.3591965707576279,0.4267491926110967,1,8,5.799623024503408E-4,9606,Homo sapiens,"","",SRSF1,P11387,"R-HSA-4641362"
R-HSA-159236,"Transport of Mature mRNA derived from an Intron-Containing Transcript",1,81,0,226,0.005362817796610169,0.3601856667634842,0.4267491926110967,2,4,2.899811512251704E-4,9606,Homo sapiens,"SRSF1","",,,"R-HSA-75096;R-HSA-159101"
R-HSA-9637687,"Suppression of phagosomal maturation",0,32,1,265,0.00211864406779661,0.36510896192468556,0.4267491926110967,1,17,0.001232419892706974,9606,Homo sapiens,"","",MRFAP1L1,O14964,"R-HSA-9635667"
R-HSA-2894858,"Signaling by NOTCH1 HD+PEST Domain Mutants in Cancer",0,68,1,243,0.004502118644067797,0.3680452683603366,0.4267491926110967,2,21,0.0015224010439321444,9606,Homo sapiens,"","",BRD7,Q09472,"R-HSA-2220964;R-HSA-2220971"
R-HSA-2644606,"Constitutive Signaling by NOTCH1 PEST Domain Mutants",0,68,1,243,0.004502118644067797,0.3680452683603366,0.4267491926110967,2,21,0.0015224010439321444,9606,Homo sapiens,"","",BRD7,Q09472,"R-HSA-2220964;R-HSA-2220971"
R-HSA-2894862,"Constitutive Signaling by NOTCH1 HD+PEST Domain Mutants",0,68,1,243,0.004502118644067797,0.3680452683603366,0.4267491926110967,2,21,0.0015224010439321444,9606,Homo sapiens,"","",BRD7,Q09472,"R-HSA-2220964;R-HSA-2220971"
R-HSA-2644602,"Signaling by NOTCH1 PEST Domain Mutants in Cancer",0,68,1,243,0.004502118644067797,0.3680452683603366,0.4267491926110967,2,21,0.0015224010439321444,9606,Homo sapiens,"","",BRD7,Q09472,"R-HSA-2220964;R-HSA-2220971"
R-HSA-2644603,"Signaling by NOTCH1 in Cancer",0,68,1,243,0.004502118644067797,0.3680452683603366,0.4267491926110967,2,39,0.002827316224445411,9606,Homo sapiens,"","",BRD7,Q09472,"R-HSA-2220964;R-HSA-2220971"
R-HSA-3214847,"HATs acetylate histones",0,110,1,204,0.007282838983050847,0.36902110488901674,0.4267491926110967,1,15,0.001087429317094389,9606,Homo sapiens,"","",BRD7,Q09472,"R-HSA-3662335"
R-HSA-425393,"Transport of inorganic cations/anions and amino acids/oligopeptides",1,167,0,145,0.01105667372881356,0.37965924189262834,0.4267491926110967,1,75,0.005437146585471945,9606,Homo sapiens,"SLC5A12","",,,"R-HSA-8876312"
R-HSA-5696398,"Nucleotide Excision Repair",0,119,2,218,0.007878707627118644,0.3853882749769244,0.4267491926110967,5,37,0.0026823256488328257,9606,Homo sapiens,"","",HERC2;BRD7,P23025;Q09472,"R-HSA-6782004;R-HSA-5689861;R-HSA-6782224;R-HSA-5690988;R-HSA-6782234"
R-HSA-983168,"Antigen processing: Ubiquitination & Proteasome degradation",1,315,0,5,0.02085540254237288,0.38823350082993946,0.4267491926110967,4,9,6.524575902566333E-4,9606,Homo sapiens,"HERC2","",,,"R-HSA-983147;R-HSA-983157;R-HSA-983156;R-HSA-983140"
R-HSA-447043,"Neurofascin interactions",0,9,1,313,5.958686440677966E-4,0.3891790654091556,0.4267491926110967,1,7,5.074670146440482E-4,9606,Homo sapiens,"","",MRFAP1L1,O00560,"R-HSA-373738"
R-HSA-2122947,"NOTCH1 Intracellular Domain Regulates Transcription",0,57,1,278,0.003773834745762712,0.3891790654091556,0.4267491926110967,2,18,0.0013049151805132667,9606,Homo sapiens,"","",BRD7,Q09472,"R-HSA-1912394;R-HSA-1912391"
R-HSA-73864,"RNA Polymerase I Transcription",0,87,1,254,0.005760063559322034,0.39200725596542485,0.4267491926110967,2,14,0.0010149340292880964,9606,Homo sapiens,"","",CAV3,Q6NZI2,"R-HSA-74993;R-HSA-74992"
R-HSA-191273,"Cholesterol biosynthesis",0,77,1,252,0.0050979872881355935,0.3938856509534564,0.4267491926110967,2,35,0.0025373350732202406,9606,Homo sapiens,"","",TIMM23,Q15125,"R-HSA-195690;R-HSA-6807052"
R-HSA-72163,"mRNA Splicing - Major Pathway",2,187,2,810,0.01238082627118644,0.3973545887197941,0.4267491926110967,8,9,6.524575902566333E-4,9606,Homo sapiens,"SRSF1;DDX42","Q07955;Q86XP3",SRSF1;BRD7,Q9BUJ2;Q15287;P38919;P62995,"R-HSA-72160;R-HSA-72130;R-HSA-156661;R-HSA-72139;R-HSA-72107;R-HSA-72124;R-HSA-72143;R-HSA-72127"
R-HSA-174824,"Plasma lipoprotein assembly, remodeling, and clearance",0,102,1,249,0.006753177966101695,0.40134306318100543,0.4267491926110967,1,85,0.00616209946353487,9606,Homo sapiens,"","",SENP2,P55056,"R-HSA-8866321"
R-HSA-202131,"Metabolism of nitric oxide: NOS3 activation and regulation",0,41,1,298,0.002714512711864407,0.4022689544992638,0.4267491926110967,2,26,0.0018848774829636073,9606,Homo sapiens,"","",RNF8,O00401;P50570,"R-HSA-203662;R-HSA-203565"
R-HSA-2219528,"PI3K/AKT Signaling in Cancer",0,124,1,227,0.008209745762711865,0.4050382968908509,0.4267491926110967,2,21,0.0015224010439321444,9606,Homo sapiens,"","",BCL2,Q92934;P22736,"R-HSA-2399988;R-HSA-2399941"
R-HSA-72172,"mRNA Splicing",2,198,2,815,0.013109110169491525,0.40550352830676106,0.4267491926110967,13,14,0.0010149340292880964,9606,Homo sapiens,"SRSF1;DDX42","Q07955;Q86XP3",SRSF1;BRD7,Q9BUJ2;Q15287;P38919;P62995,"R-HSA-72160;R-HSA-72130;R-HSA-75079;R-HSA-75081;R-HSA-75080;R-HSA-72139;R-HSA-75083;R-HSA-72107;R-HSA-75082;R-HSA-72143;R-HSA-156661;R-HSA-72124;R-HSA-72127"
R-HSA-9029569,"NR1H3 & NR1H2 regulate gene expression linked to cholesterol transport and efflux",0,66,2,284,0.004369703389830508,0.4077951843400024,0.4267491926110967,2,40,0.0028998115122517037,9606,Homo sapiens,"","",SENP2;BRD7,P55056;Q09472,"R-HSA-9029561;R-HSA-9035279"
R-HSA-373076,"Class A/1 (Rhodopsin-like receptors)",2,412,0,550,0.027277542372881356,0.4082092603458154,0.4267491926110967,3,160,0.011599246049006815,9606,Homo sapiens,"ANXA1;LGR4","",,,"R-HSA-444879;R-HSA-444476;R-HSA-391913"
R-HSA-201556,"Signaling by ALK",0,43,1,309,0.0028469279661016947,0.4096262167303979,0.4267491926110967,1,40,0.0028998115122517037,9606,Homo sapiens,"","",BRD7,Q09472,"R-HSA-9701531"
R-HSA-204998,"Cell death signalling via NRAGE, NRIF and NADE",0,81,1,275,0.005362817796610169,0.41236246655160735,0.4267491926110967,1,17,0.001232419892706974,9606,Homo sapiens,"","",BCL2,Q92934;O43521,"R-HSA-205075"
R-HSA-5250913,"Positive epigenetic regulation of rRNA expression",0,80,1,289,0.005296610169491525,0.41779808815505004,0.4267491926110967,1,7,5.074670146440482E-4,9606,Homo sapiens,"","",BRD7,Q09472,"R-HSA-5250930"
R-HSA-5693532,"DNA Double-Strand Break Repair",2,169,1,842,0.011189088983050847,0.42379336520436905,0.4267491926110967,26,113,0.008191967522111062,9606,Homo sapiens,"HERC2;RNF8","O95714;O76064",RNF8,O60934,"R-HSA-5683735;R-HSA-5684052;R-HSA-69891;R-HSA-5693599;R-HSA-5682588;R-HSA-5686685;R-HSA-5682586;R-HSA-5683801;R-HSA-5682629;R-HSA-5683077;R-HSA-5683405;R-HSA-5686900;R-HSA-5686704;R-HSA-75174;R-HSA-5693566;R-HSA-5683384;R-HSA-5683385;R-HSA-5682598;R-HSA-5684006;R-HSA-5684071;R-HSA-5683425;R-HSA-5682607;R-HSA-5682863;R-HSA-5693551;R-HSA-5682858;R-HSA-5684008"
R-HSA-416993,"Trafficking of GluR2-containing AMPA receptors",0,23,1,341,0.0015227754237288136,0.4267491926110967,0.4267491926110967,3,3,2.1748586341887777E-4,9606,Homo sapiens,"","",RNF8,Q9NRD5,"R-HSA-421007;R-HSA-416639;R-HSA-416985"
R-HSA-445144,"Signal transduction by L1",0,25,1,342,0.0016551906779661016,0.4276369211327228,0.4276369211327228,1,11,7.974481658692185E-4,9606,Homo sapiens,"","",ANXA1,P00533,"R-HSA-445069"
R-HSA-9020702,"Interleukin-1 signaling",0,110,2,297,0.007282838983050847,0.4276369211327228,0.4276369211327228,1,47,0.003407278526895752,9606,Homo sapiens,"","",SENP2;ANXA1,Q9Y6K9,"R-HSA-5609665"
R-HSA-2179392,"EGFR Transactivation by Gastrin",0,13,1,356,8.606991525423729E-4,0.429408377064335,0.429408377064335,1,6,4.3497172683775554E-4,9606,Homo sapiens,"","",ANXA1,P00533,"R-HSA-2179387"
R-HSA-5637810,"Constitutive Signaling by EGFRvIII",0,22,1,354,0.0014565677966101695,0.43029210836154985,0.43029210836154985,1,18,0.0013049151805132667,9606,Homo sapiens,"","",ANXA1,P00533,"R-HSA-1247999"
R-HSA-5637812,"Signaling by EGFRvIII in Cancer",0,22,1,354,0.0014565677966101695,0.43029210836154985,0.43029210836154985,1,18,0.0013049151805132667,9606,Homo sapiens,"","",ANXA1,P00533,"R-HSA-1247999"
R-HSA-1643713,"Signaling by EGFR in Cancer",0,32,1,354,0.00211864406779661,0.43556666480055883,0.43556666480055883,2,42,0.003044802087864289,9606,Homo sapiens,"","",ANXA1,P00533,"R-HSA-1248677;R-HSA-1247999"
R-HSA-9031628,"NGF-stimulated transcription",0,56,2,336,0.003707627118644068,0.4425257288491429,0.4425257288491429,3,37,0.0026823256488328257,9606,Homo sapiens,"","",RNF8;BRD7,P50570;Q09472,"R-HSA-9613451;R-HSA-9619838;R-HSA-9620717"
R-HSA-1980143,"Signaling by NOTCH1",0,84,1,314,0.005561440677966102,0.44338973438420326,0.44338973438420326,2,39,0.002827316224445411,9606,Homo sapiens,"","",BRD7,Q09472,"R-HSA-1912394;R-HSA-1912391"
R-HSA-5632684,"Hedgehog 'on' state",0,92,1,300,0.0060911016949152545,0.4442524401596357,0.4442524401596357,1,37,0.0026823256488328257,9606,Homo sapiens,"","",MRFAP1L1,O95995,"R-HSA-5632668"
R-HSA-9662851,"Anti-inflammatory response favouring Leishmania parasite infection",1,297,0,102,0.019663665254237288,0.452808426956702,0.452808426956702,1,40,0.0028998115122517037,9606,Homo sapiens,"LGR4","",,,"R-HSA-9660824"
R-HSA-9664433,"Leishmania parasite growth and survival",1,297,0,102,0.019663665254237288,0.452808426956702,0.452808426956702,1,40,0.0028998115122517037,9606,Homo sapiens,"LGR4","",,,"R-HSA-9660824"
R-HSA-8936459,"RUNX1 regulates genes involved in megakaryocyte differentiation and platelet function",0,78,1,325,0.005164194915254237,0.4536569599322613,0.4536569599322613,4,33,0.0023923444976076554,9606,Homo sapiens,"","",BRD7,Q09472,"R-HSA-8936616;R-HSA-8935740;R-HSA-8937037;R-HSA-8936979"
R-HSA-1834949,"Cytosolic sensors of pathogen-associated DNA ",0,78,1,344,0.005164194915254237,0.46207235138784386,0.46207235138784386,1,50,0.0036247643903146295,9606,Homo sapiens,"","",ANXA1,Q13546,"R-HSA-1810457"
R-HSA-9711123,"Cellular response to chemical stress",2,269,1,788,0.017809851694915255,0.4631582826404417,0.4631582826404417,5,134,0.009714368566043206,9606,Homo sapiens,"ME1","P48163;ENSG00000065833",MRFAP1L1,Q99757,"R-HSA-3322995;R-HSA-9761825;R-HSA-3323050;R-HSA-9761854;R-HSA-3697894"
R-HSA-6791312,"TP53 Regulates Transcription of Cell Cycle Genes",0,65,2,368,0.004303495762711864,0.46788812478181485,0.46788812478181485,2,42,0.003044802087864289,9606,Homo sapiens,"","",BRD7;BCL2,Q07812;Q09472,"R-HSA-3215152;R-HSA-6803892"
R-HSA-5675482,"Regulation of necroptotic cell death",0,38,2,389,0.0025158898305084744,0.47200483655866154,0.47200483655866154,2,18,0.0013049151805132667,9606,Homo sapiens,"","",MRFAP1L1;ANXA1,Q13546;O00560,"R-HSA-9688832;R-HSA-5357828"
R-HSA-881907,"Gastrin-CREB signalling pathway via PKC and MAPK",0,24,1,397,0.0015889830508474577,0.4728244613481777,0.4728244613481777,1,9,6.524575902566333E-4,9606,Homo sapiens,"","",ANXA1,P00533,"R-HSA-2179387"
R-HSA-399719,"Trafficking of AMPA receptors",0,37,1,384,0.0024496822033898305,0.4752759331347223,0.4752759331347223,3,4,2.899811512251704E-4,9606,Homo sapiens,"","",RNF8,Q9NRD5,"R-HSA-421007;R-HSA-416639;R-HSA-416985"
R-HSA-373752,"Netrin-1 signaling",0,59,1,376,0.00390625,0.4777163388618494,0.4777163388618494,1,37,0.0026823256488328257,9606,Homo sapiens,"","",RNF8,O00401,"R-HSA-418874"
R-HSA-72202,"Transport of Mature Transcript to Cytoplasm",1,90,1,368,0.005958686440677966,0.48095308299805295,0.48095308299805295,8,13,9.424387414818037E-4,9606,Homo sapiens,"SRSF1","Q07955",SRSF1,Q9UBU9,"R-HSA-77587;R-HSA-158484;R-HSA-159050;R-HSA-75096;R-HSA-77594;R-HSA-158447;R-HSA-111439;R-HSA-159101"
R-HSA-198725,"Nuclear Events (kinase and transcription factor activation)",0,80,2,360,0.005296610169491525,0.48095308299805295,0.48095308299805295,3,48,0.0034797738147020443,9606,Homo sapiens,"","",RNF8;BRD7,P50570;Q09472,"R-HSA-9613451;R-HSA-9619838;R-HSA-9620717"
R-HSA-9635465,"Suppression of apoptosis",0,14,3,419,9.26906779661017E-4,0.48417035450781964,0.48417035450781964,2,7,5.074670146440482E-4,9606,Homo sapiens,"","",MRFAP1L1;RNF8;BCL2,P27361;P28482,"R-HSA-9636304;R-HSA-9636296"
R-HSA-1221632,"Meiotic synapsis",0,62,1,381,0.0041048728813559325,0.4849716431164013,0.4849716431164013,1,6,4.3497172683775554E-4,9606,Homo sapiens,"","",MRFAP1L1,Q8N0S2,"R-HSA-912505"
R-HSA-3108214,"SUMOylation of DNA damage response and repair proteins",1,81,2,368,0.005362817796610169,0.4849716431164013,0.4849716431164013,3,24,0.0017398869073510222,9606,Homo sapiens,"HERC2","O95714",RNF8;RNF8,Q14676,"R-HSA-4551724;R-HSA-4570553;R-HSA-4570554"
R-HSA-399721,"Glutamate binding, activation of AMPA receptors and synaptic plasticity",0,39,1,395,0.0025820974576271187,0.48577172355926757,0.48577172355926757,3,9,6.524575902566333E-4,9606,Homo sapiens,"","",RNF8,Q9NRD5,"R-HSA-421007;R-HSA-416639;R-HSA-416985"
R-HSA-5213460,"RIPK1-mediated regulated necrosis",0,46,2,417,0.0030455508474576272,0.4968469770743278,0.4968469770743278,4,34,0.002464839785413948,9606,Homo sapiens,"","",MRFAP1L1;ANXA1,Q13546;O00560,"R-HSA-9688832;R-HSA-5357828;R-HSA-5213462;R-HSA-9687465"
R-HSA-9616222,"Transcriptional regulation of granulopoiesis",0,71,1,395,0.004700741525423728,0.5015223198512324,0.5015223198512324,1,27,0.0019573727707699,9606,Homo sapiens,"","",BRD7,Q09472,"R-HSA-9617064"
R-HSA-446728,"Cell junction organization",0,95,1,379,0.006289724576271186,0.5015223198512324,0.5015223198512324,1,37,0.0026823256488328257,9606,Homo sapiens,"","",DMRTB1,P50552,"R-HSA-446364"
R-HSA-9024446,"NR1H2 and NR1H3-mediated signaling",0,85,2,381,0.0056276483050847455,0.5053862042204713,0.5053862042204713,2,60,0.004349717268377556,9606,Homo sapiens,"","",SENP2;BRD7,P55056;Q09472,"R-HSA-9029561;R-HSA-9035279"
R-HSA-162599,"Late Phase of HIV Life Cycle",0,163,1,321,0.010791843220338984,0.5069236047331149,0.5069236047331149,1,78,0.005654632448890822,9606,Homo sapiens,"","",SENP2,P46060,"R-HSA-165055"
R-HSA-72203,"Processing of Capped Intron-Containing Pre-mRNA",2,258,2,975,0.01708156779661017,0.508888476309296,0.508888476309296,24,32,0.002319849209801363,9606,Homo sapiens,"SRSF1;DDX42","Q07955;Q86XP3",SRSF1;BRD7,Q9BUJ2;Q15287;P38919;Q9UBU9;P62995,"R-HSA-72160;R-HSA-8849157;R-HSA-72130;R-HSA-75079;R-HSA-75081;R-HSA-159050;R-HSA-75080;R-HSA-72139;R-HSA-75083;R-HSA-72107;R-HSA-75082;R-HSA-158447;R-HSA-72143;R-HSA-111439;R-HSA-77587;R-HSA-72180;R-HSA-158484;R-HSA-156661;R-HSA-72185;R-HSA-75096;R-HSA-77594;R-HSA-72124;R-HSA-72127;R-HSA-159101"
R-HSA-168643,"Nucleotide-binding domain, leucine rich repeat containing receptor (NLR) signaling pathways",1,72,3,424,0.004766949152542373,0.5130269567810404,0.5130269567810404,3,46,0.003334783239089459,9606,Homo sapiens,"BCL2","P10415",SENP2;ANXA1;BCL2,Q9Y6K9;Q9C000,"R-HSA-844447;R-HSA-622415;R-HSA-879201"
R-HSA-877300,"Interferon gamma signaling",0,250,1,230,0.016551906779661018,0.5137847005456694,0.5137847005456694,1,16,0.0011599246049006815,9606,Homo sapiens,"","",SENP2,P63165,"R-HSA-877281"
R-HSA-8853884,"Transcriptional Regulation by VENTX",0,48,2,431,0.0031779661016949155,0.5152967564177211,0.5152967564177211,1,13,9.424387414818037E-4,9606,Homo sapiens,"","",BRD7;BCL2,P04637,"R-HSA-8853911"
R-HSA-9607240,"FLT3 Signaling",0,48,1,442,0.0031779661016949155,0.5152967564177211,0.5152967564177211,1,43,0.0031172973756705812,9606,Homo sapiens,"","",BCL2,O43521,"R-HSA-9699574"
R-HSA-1483206,"Glycerophospholipid biosynthesis",0,221,1,254,0.014631885593220338,0.5152967564177211,0.5152967564177211,1,133,0.009641873278236915,9606,Homo sapiens,"","",TIMM23,Q8N661,"R-HSA-8874435"
R-HSA-500792,"GPCR ligand binding",2,606,0,585,0.0401218220338983,0.518616677283557,0.518616677283557,3,187,0.013556618819776715,9606,Homo sapiens,"ANXA1;LGR4","",,,"R-HSA-444879;R-HSA-444476;R-HSA-391913"
R-HSA-111885,"Opioid Signalling",0,113,2,375,0.00748146186440678,0.522044716208761,0.522044716208761,1,59,0.0042772219805712625,9606,Homo sapiens,"","",RNF8;BCL2,P28482,"R-HSA-111898"
R-HSA-6798695,"Neutrophil degranulation",1,480,0,0,0.03177966101694915,0.522788836746654,0.522788836746654,2,10,7.249528780629259E-4,9606,Homo sapiens,"FABP5","",,,"R-HSA-6798743;R-HSA-6798751"
R-HSA-975138,"TRAF6 mediated induction of NFkB and MAP kinases upon TLR7/8 or 9 activation",0,102,2,419,0.006753177966101695,0.5264926050614871,0.5264926050614871,1,48,0.0034797738147020443,9606,Homo sapiens,"","",SENP2;ANXA1,Q9Y6K9,"R-HSA-5609665"
R-HSA-3928664,"Ephrin signaling",0,23,1,476,0.0015227754237288136,0.5316310428781437,0.5316310428781437,1,11,7.974481658692185E-4,9606,Homo sapiens,"","",MRFAP1L1,O00560,"R-HSA-4093329"
R-HSA-162587,"HIV Life Cycle",0,178,1,344,0.011784957627118644,0.5323606729586445,0.5323606729586445,1,117,0.008481948673336234,9606,Homo sapiens,"","",SENP2,P46060,"R-HSA-165055"
R-HSA-975871,"MyD88 cascade initiated on plasma membrane",0,95,2,443,0.006289724576271186,0.5352681769881678,0.5352681769881678,1,58,0.00420472669276497,9606,Homo sapiens,"","",SENP2;ANXA1,Q9Y6K9,"R-HSA-5609665"
R-HSA-3232118,"SUMOylation of transcription factors",0,20,2,490,0.0013241525423728813,0.5359923069937026,0.5359923069937026,1,11,7.974481658692185E-4,9606,Homo sapiens,"","",BRD7;BCL2,P04637,"R-HSA-2997706"
R-HSA-168142,"Toll Like Receptor 10 (TLR10) Cascade",0,95,2,447,0.006289724576271186,0.5374372830702607,0.5374372830702607,1,59,0.0042772219805712625,9606,Homo sapiens,"","",SENP2;ANXA1,Q9Y6K9,"R-HSA-5609665"
R-HSA-5654738,"Signaling by FGFR2",1,88,0,431,0.005826271186440678,0.5381581323514811,0.5381581323514811,2,46,0.003334783239089459,9606,Homo sapiens,"FGFBP3","",,,"R-HSA-5656070;R-HSA-190260"
R-HSA-168176,"Toll Like Receptor 5 (TLR5) Cascade",0,95,2,447,0.006289724576271186,0.5381581323514811,0.5381581323514811,1,59,0.0042772219805712625,9606,Homo sapiens,"","",SENP2;ANXA1,Q9Y6K9,"R-HSA-5609665"
R-HSA-975155,"MyD88 dependent cascade initiated on endosome",0,103,2,452,0.006819385593220339,0.5467237308012695,0.5467237308012695,1,63,0.004567203131796433,9606,Homo sapiens,"","",SENP2;ANXA1,Q9Y6K9,"R-HSA-5609665"
R-HSA-168181,"Toll Like Receptor 7/8 (TLR7/8) Cascade",0,104,2,452,0.006885593220338983,0.5474305293992812,0.5474305293992812,1,66,0.004784688995215311,9606,Homo sapiens,"","",SENP2;ANXA1,Q9Y6K9,"R-HSA-5609665"
R-HSA-8878159,"Transcriptional regulation by RUNX3",0,118,2,425,0.0078125,0.5495445129563371,0.5495445129563371,4,47,0.003407278526895752,9606,Homo sapiens,"","",BRD7;BCL2,O43521;Q09472,"R-HSA-8952232;R-HSA-8952058;R-HSA-8951951;R-HSA-8952419"
R-HSA-5218859,"Regulated Necrosis",0,77,2,466,0.0050979872881355935,0.5509485074699866,0.5509485074699866,4,57,0.004132231404958678,9606,Homo sapiens,"","",MRFAP1L1;ANXA1,Q13546;O00560,"R-HSA-9688832;R-HSA-5357828;R-HSA-5213462;R-HSA-9687465"
R-HSA-1428517,"The citric acid (TCA) cycle and respiratory electron transport",1,238,0,328,0.015757415254237288,0.5509485074699866,0.5509485074699866,1,67,0.004857184283021603,9606,Homo sapiens,"ME1","",,,"R-HSA-9012036"
R-HSA-168928,"DDX58/IFIH1-mediated induction of interferon-alpha/beta",0,104,1,444,0.006885593220338983,0.5516489110597294,0.5516489110597294,1,53,0.0038422502537335075,9606,Homo sapiens,"","",ANXA1,Q13546,"R-HSA-168934"
R-HSA-168138,"Toll Like Receptor 9 (TLR9) Cascade",0,107,2,456,0.0070842161016949155,0.5523482542841129,0.5523482542841129,1,68,0.004929679570827896,9606,Homo sapiens,"","",SENP2;ANXA1,Q9Y6K9,"R-HSA-5609665"
R-HSA-193704,"p75 NTR receptor-mediated signalling",0,110,1,432,0.007282838983050847,0.5530465386998882,0.5530465386998882,1,50,0.0036247643903146295,9606,Homo sapiens,"","",BCL2,Q92934;O43521,"R-HSA-205075"
R-HSA-190236,"Signaling by FGFR",1,107,0,434,0.0070842161016949155,0.5537437658615869,0.5537437658615869,2,142,0.010294330868493549,9606,Homo sapiens,"FGFBP3","",,,"R-HSA-5656070;R-HSA-190260"
R-HSA-8950505,"Gene and protein expression by JAK-STAT signaling after Interleukin-12 stimulation",0,73,1,463,0.004833156779661017,0.5579050132719514,0.5579050132719514,1,36,0.0026098303610265334,9606,Homo sapiens,"","",BCL2,P00441,"R-HSA-8950771"
R-HSA-168164,"Toll Like Receptor 3 (TLR3) Cascade",0,103,2,480,0.006819385593220339,0.5599714892896885,0.5599714892896885,2,61,0.004422212556183848,9606,Homo sapiens,"","",ANXA1;SENP2,Q13546;Q9Y6K9,"R-HSA-168930;R-HSA-5609665"
R-HSA-449147,"Signaling by Interleukins",4,645,3,2141,0.042703919491525424,0.5626170078793207,0.5626170078793207,4,493,0.03574017688850225,9606,Homo sapiens,"ANXA1;BCL2","P10415;ENSG00000171791;P04083;ENSG00000135046",SENP2;ANXA1;BCL2,Q9Y6K9;P00441,"R-HSA-6785895;R-HSA-5609665;R-HSA-8950771;R-HSA-6790025"
R-HSA-166058,"MyD88:MAL(TIRAP) cascade initiated on plasma membrane",0,119,2,472,0.007878707627118644,0.5688183967071345,0.5688183967071345,1,64,0.004639698419602726,9606,Homo sapiens,"","",SENP2;ANXA1,Q9Y6K9,"R-HSA-5609665"
R-HSA-3899300,"SUMOylation of transcription cofactors",0,44,1,524,0.002913135593220339,0.5694917310294679,0.5694917310294679,1,27,0.0019573727707699,9606,Homo sapiens,"","",BRD7,Q09472,"R-HSA-3899291"
R-HSA-168179,"Toll Like Receptor TLR1:TLR2 Cascade",0,122,2,473,0.008077330508474576,0.5715056163852299,0.5715056163852299,1,66,0.004784688995215311,9606,Homo sapiens,"","",SENP2;ANXA1,Q9Y6K9,"R-HSA-5609665"
R-HSA-177929,"Signaling by EGFR",0,61,1,517,0.004038665254237288,0.5721748772934901,0.5721748772934901,2,49,0.003552269102508337,9606,Homo sapiens,"","",ANXA1,P00533,"R-HSA-9674531;R-HSA-177942"
R-HSA-168188,"Toll Like Receptor TLR6:TLR2 Cascade",0,119,2,477,0.007878707627118644,0.5721748772934901,0.5721748772934901,1,66,0.004784688995215311,9606,Homo sapiens,"","",SENP2;ANXA1,Q9Y6K9,"R-HSA-5609665"
R-HSA-9663891,"Selective autophagy",0,89,1,487,0.005892478813559322,0.5735103567602782,0.5735103567602782,5,48,0.0034797738147020443,9606,Homo sapiens,"","",SENP2,Q8IVP5,"R-HSA-8948139;R-HSA-8948143;R-HSA-8948146;R-HSA-8959573;R-HSA-8948039"
R-HSA-381340,"Transcriptional regulation of white adipocyte differentiation",0,109,1,469,0.007216631355932203,0.5735103567602782,0.5735103567602782,1,18,0.0013049151805132667,9606,Homo sapiens,"","",BRD7,Q09472,"R-HSA-381309"
R-HSA-181438,"Toll Like Receptor 2 (TLR2) Cascade",0,122,2,477,0.008077330508474576,0.5741765782999495,0.5741765782999495,1,68,0.004929679570827896,9606,Homo sapiens,"","",SENP2;ANXA1,Q9Y6K9,"R-HSA-5609665"
R-HSA-109581,"Apoptosis",2,192,3,1142,0.012711864406779662,0.5783963864674344,0.5783963864674344,31,141,0.010221835580687256,9606,Homo sapiens,"BCL2","P10415;ENSG00000171791",MTFR1;BCL2;BCL2,Q9NR28;O43521;P51572;Q16611;P10415;Q13794;Q9BXH1;P55957;Q92934;Q07812,"R-HSA-139906;R-HSA-114307;R-HSA-139905;R-HSA-508163;R-HSA-139914;R-HSA-198347;R-HSA-351948;R-HSA-139913;R-HSA-139918;R-HSA-139919;R-HSA-139917;R-HSA-168848;R-HSA-139920;R-HSA-351894;R-HSA-168849;R-HSA-114263;R-HSA-114264;R-HSA-114275;R-HSA-6790025;R-HSA-9627106;R-HSA-114352;R-HSA-140214;R-HSA-139895;R-HSA-141367;R-HSA-139893;R-HSA-139898;R-HSA-139899;R-HSA-140216;R-HSA-139897;R-HSA-140217;R-HSA-140221"
R-HSA-6806003,"Regulation of TP53 Expression and Degradation",0,46,2,526,0.0030455508474576272,0.5794701098843705,0.5794701098843705,2,35,0.0025373350732202406,9606,Homo sapiens,"","",BRD7;BCL2,P04637,"R-HSA-6804188;R-HSA-6804762"
R-HSA-6791226,"Major pathway of rRNA processing in the nucleolus and cytosol",1,189,2,407,0.012513241525423728,0.5820928687236787,0.5820928687236787,4,7,5.074670146440482E-4,9606,Homo sapiens,"EXOSC7","Q15024",MRFAP1L1;EXOSC7,Q01780;Q13895;Q9NQT4,"R-HSA-6791223;R-HSA-6791222;R-HSA-6791218;R-HSA-6791228"
R-HSA-937061,"TRIF(TICAM1)-mediated TLR4 signaling ",0,108,2,510,0.007150423728813559,0.5846997481447764,0.5846997481447764,2,58,0.00420472669276497,9606,Homo sapiens,"","",ANXA1;SENP2,Q13546;Q9Y6K9,"R-HSA-5609665;R-HSA-168921"
R-HSA-166166,"MyD88-independent TLR4 cascade ",0,108,2,511,0.007150423728813559,0.5846997481447764,0.5846997481447764,2,60,0.004349717268377556,9606,Homo sapiens,"","",ANXA1;SENP2,Q13546;Q9Y6K9,"R-HSA-5609665;R-HSA-168921"
R-HSA-5358351,"Signaling by Hedgehog",0,168,1,430,0.011122881355932203,0.5917875476690883,0.5917875476690883,1,82,0.005944613600115992,9606,Homo sapiens,"","",MRFAP1L1,O95995,"R-HSA-5632668"
R-HSA-5684996,"MAPK1/MAPK3 signaling",0,329,3,295,0.0217823093220339,0.5943357054162918,0.5943357054162918,4,82,0.005944613600115992,9606,Homo sapiens,"","",MRFAP1L1;RNF8;BCL2,P27361;P28482,"R-HSA-109857;R-HSA-109858;R-HSA-109863;R-HSA-109864"
R-HSA-8868773,"rRNA processing in the nucleus and cytosol",1,208,2,413,0.013771186440677966,0.5968684219588475,0.5968684219588475,4,15,0.001087429317094389,9606,Homo sapiens,"EXOSC7","Q15024",MRFAP1L1;EXOSC7,Q01780;Q13895;Q9NQT4,"R-HSA-6791223;R-HSA-6791222;R-HSA-6791218;R-HSA-6791228"
R-HSA-5633008,"TP53 Regulates Transcription of Cell Death Genes",0,83,2,528,0.005495233050847458,0.5993857880478528,0.5993857880478528,4,68,0.004929679570827896,9606,Homo sapiens,"","",BCL2;BCL2,Q07812;Q13794;Q9BXH1;P55957,"R-HSA-3700984;R-HSA-140214;R-HSA-139913;R-HSA-6791291"
R-HSA-400253,"Circadian Clock",0,105,1,519,0.006951800847457627,0.6037545127927076,0.6037545127927076,5,59,0.0042772219805712625,9606,Homo sapiens,"","",BRD7,Q09472,"R-HSA-1368087;R-HSA-5663264;R-HSA-5663246;R-HSA-5663293;R-HSA-5663273"
R-HSA-9020591,"Interleukin-12 signaling",0,84,1,554,0.005561440677966102,0.6195799855251738,0.6195799855251738,1,56,0.0040597361171523854,9606,Homo sapiens,"","",BCL2,P00441,"R-HSA-8950771"
R-HSA-212165,"Epigenetic regulation of gene expression",0,139,1,531,0.009202860169491525,0.6219595712529014,0.6219595712529014,1,34,0.002464839785413948,9606,Homo sapiens,"","",BRD7,Q09472,"R-HSA-5250930"
R-HSA-1632852,"Macroautophagy",0,150,2,527,0.00993114406779661,0.6243247074305155,0.6243247074305155,7,87,0.006307090039147456,9606,Homo sapiens,"","",SENP2;BCL2,Q9C0C7;Q8IVP5,"R-HSA-1632843;R-HSA-8948139;R-HSA-8948143;R-HSA-8948146;R-HSA-5678315;R-HSA-8959573;R-HSA-8948039"
R-HSA-446652,"Interleukin-1 family signaling",0,168,2,524,0.011122881355932203,0.6260891282569772,0.6260891282569772,1,80,0.005799623024503407,9606,Homo sapiens,"","",SENP2;ANXA1,Q9Y6K9,"R-HSA-5609665"
R-HSA-1500620,"Meiosis",0,92,1,575,0.0060911016949152545,0.6266754791567877,0.6266754791567877,1,15,0.001087429317094389,9606,Homo sapiens,"","",MRFAP1L1,Q8N0S2,"R-HSA-912505"
R-HSA-8866910,"TFAP2 (AP-2) family regulates transcription of growth factors and their receptors",0,21,2,629,0.0013903601694915254,0.6290119710448853,0.6290119710448853,3,18,0.0013049151805132667,9606,Homo sapiens,"","",SRSF1;ANXA1,P03372;P00533,"R-HSA-8937369;R-HSA-8874797;R-HSA-8864395"
R-HSA-1500931,"Cell-Cell communication",0,134,2,554,0.008871822033898306,0.6330667237655222,0.6330667237655222,2,60,0.004349717268377556,9606,Homo sapiens,"","",RNF8;DMRTB1,O00401;P50552,"R-HSA-532603;R-HSA-446364"
R-HSA-1483257,"Phospholipid metabolism",0,314,1,364,0.020789194915254237,0.6421738705048365,0.6421738705048365,1,218,0.015803972741771786,9606,Homo sapiens,"","",TIMM23,Q8N661,"R-HSA-8874435"
R-HSA-72312,"rRNA processing",1,246,2,468,0.016287076271186442,0.6510614687743151,0.6510614687743151,4,21,0.0015224010439321444,9606,Homo sapiens,"EXOSC7","Q15024",MRFAP1L1;EXOSC7,Q01780;Q13895;Q9NQT4,"R-HSA-6791223;R-HSA-6791222;R-HSA-6791218;R-HSA-6791228"
R-HSA-4090294,"SUMOylation of intracellular receptors",0,40,2,656,0.0026483050847457626,0.6521572386371742,0.6521572386371742,3,25,0.0018123821951573148,9606,Homo sapiens,"","",SRSF1;FOXA1,P10275;P10276;P03372,"R-HSA-4341072;R-HSA-4090408;R-HSA-4090390"
R-HSA-5357905,"Regulation of TNFR1 signaling",0,41,1,671,0.002714512711864407,0.6559661942669939,0.6559661942669939,3,17,0.001232419892706974,9606,Homo sapiens,"","",ANXA1,Q13546,"R-HSA-5357828;R-HSA-9697750;R-HSA-5634221"
R-HSA-3247509,"Chromatin modifying enzymes",0,258,1,514,0.01708156779661017,0.6559661942669939,0.6559661942669939,1,85,0.00616209946353487,9606,Homo sapiens,"","",BRD7,Q09472,"R-HSA-3662335"
R-HSA-4839726,"Chromatin organization",0,258,1,514,0.01708156779661017,0.6559661942669939,0.6559661942669939,1,85,0.00616209946353487,9606,Homo sapiens,"","",BRD7,Q09472,"R-HSA-3662335"
R-HSA-2682334,"EPH-Ephrin signaling",0,102,2,616,0.006753177966101695,0.6581245319258888,0.6581245319258888,2,56,0.0040597361171523854,9606,Homo sapiens,"","",MRFAP1L1;RNF8,O00401;O00560,"R-HSA-3928600;R-HSA-4093329"
R-HSA-187037,"Signaling by NTRK1 (TRKA)",0,143,2,585,0.009467690677966102,0.6602697248185874,0.6602697248185874,3,102,0.007394519356241845,9606,Homo sapiens,"","",RNF8;BRD7,P50570;Q09472,"R-HSA-9613451;R-HSA-9619838;R-HSA-9620717"
R-HSA-5687128,"MAPK6/MAPK4 signaling",0,106,1,615,0.007018008474576272,0.6608039782806212,0.6608039782806212,9,40,0.0028998115122517037,9606,Homo sapiens,"","",HERC2,Q16659,"R-HSA-5692788;R-HSA-5687090;R-HSA-5692770;R-HSA-5692755;R-HSA-5692764;R-HSA-5692749;R-HSA-5692781;R-HSA-5687112;R-HSA-5687081"
R-HSA-416476,"G alpha (q) signalling events",1,284,1,432,0.018802966101694914,0.6618700399591724,0.6618700399591724,4,35,0.0025373350732202406,9606,Homo sapiens,"ANXA1","P04083",ANXA1,P00533,"R-HSA-749448;R-HSA-749452;R-HSA-2179387;R-HSA-379048"
R-HSA-166016,"Toll Like Receptor 4 (TLR4) Cascade",0,152,2,613,0.010063559322033898,0.6629328493489836,0.6629328493489836,2,95,0.006887052341597796,9606,Homo sapiens,"","",ANXA1;SENP2,Q13546;Q9Y6K9,"R-HSA-5609665;R-HSA-168921"
R-HSA-8878166,"Transcriptional regulation by RUNX2",0,147,1,593,0.009732521186440678,0.6692419445382837,0.6692419445382837,1,84,0.006089604175728578,9606,Homo sapiens,"","",BCL2,Q07812,"R-HSA-9008839"
R-HSA-8978868,"Fatty acid metabolism",0,431,1,292,0.028535487288135594,0.6702822557879033,0.6702822557879033,1,217,0.01573147745396549,9606,Homo sapiens,"","",SENP2,Q96CM8,"R-HSA-5696004"
R-HSA-73894,"DNA Repair",2,381,3,1231,0.02522510593220339,0.6713593825826241,0.6713593825826241,31,339,0.02457590256633319,9606,Homo sapiens,"HERC2;RNF8","O95714;O76064",RNF8;HERC2;BRD7,O60934;P23025;Q09472,"R-HSA-5683735;R-HSA-5684052;R-HSA-69891;R-HSA-5693599;R-HSA-5682588;R-HSA-5686685;R-HSA-5682586;R-HSA-5683801;R-HSA-5682629;R-HSA-5683077;R-HSA-6782004;R-HSA-5689861;R-HSA-5683405;R-HSA-5686900;R-HSA-5686704;R-HSA-75174;R-HSA-5693566;R-HSA-5683384;R-HSA-5683385;R-HSA-5682598;R-HSA-5684006;R-HSA-5684071;R-HSA-5683425;R-HSA-6782224;R-HSA-5682607;R-HSA-5682863;R-HSA-5693551;R-HSA-5690988;R-HSA-5682858;R-HSA-6782234;R-HSA-5684008"
R-HSA-1474165,"Reproduction",0,123,1,627,0.008143538135593221,0.6723533594521507,0.6723533594521507,1,24,0.0017398869073510222,9606,Homo sapiens,"","",MRFAP1L1,Q8N0S2,"R-HSA-912505"
R-HSA-983169,"Class I MHC mediated antigen processing & presentation",1,479,0,272,0.03171345338983051,0.6764577537998662,0.6764577537998662,4,48,0.0034797738147020443,9606,Homo sapiens,"HERC2","",,,"R-HSA-983147;R-HSA-983157;R-HSA-983156;R-HSA-983140"
R-HSA-9614085,"FOXO-mediated transcription",0,110,2,648,0.007282838983050847,0.6805122266417013,0.6805122266417013,3,85,0.00616209946353487,9606,Homo sapiens,"","",BRD7;BCL2,O43521;Q9BXH1;Q09472,"R-HSA-9617735;R-HSA-9622667;R-HSA-9622604"
R-HSA-9637690,"Response of Mtb to phagocytosis",0,51,3,694,0.0033765889830508476,0.6810155550501841,0.6810155550501841,3,30,0.002174858634188778,9606,Homo sapiens,"","",MRFAP1L1;RNF8;BCL2,P28482;P27361;O14964,"R-HSA-9635667;R-HSA-9636304;R-HSA-9636296"
R-HSA-111465,"Apoptotic cleavage of cellular proteins",0,38,1,729,0.0025158898305084744,0.6865016196964456,0.6865016196964456,1,38,0.0027548209366391185,9606,Homo sapiens,"","",BCL2,P51572,"R-HSA-351894"
R-HSA-432720,"Lysosome Vesicle Biogenesis",1,43,3,724,0.0028469279661016947,0.691896060727812,0.691896060727812,5,8,5.799623024503408E-4,9606,Homo sapiens,"CLVS1","Q8IUQ0",MRFAP1L1;RNF8;BCL2,P50570;O14964;P05067,"R-HSA-5671702;R-HSA-5229132;R-HSA-432706;R-HSA-432707;R-HSA-5333658"
R-HSA-162909,"Host Interactions of HIV factors",0,151,1,651,0.009997351694915254,0.6986315392909809,0.6986315392909809,1,54,0.0039147455415398,9606,Homo sapiens,"","",SENP2,P46060,"R-HSA-165055"
R-HSA-447115,"Interleukin-12 family signaling",0,96,1,708,0.006355932203389831,0.7056895086848965,0.7056895086848965,1,114,0.008264462809917356,9606,Homo sapiens,"","",BCL2,P00441,"R-HSA-8950771"
R-HSA-75153,"Apoptotic execution phase",0,54,1,760,0.0035752118644067797,0.7066183630794824,0.7066183630794824,2,57,0.004132231404958678,9606,Homo sapiens,"","",BCL2,P51572,"R-HSA-351894;R-HSA-351948"
R-HSA-75893,"TNF signaling",0,51,1,764,0.0033765889830508476,0.7075443719328187,0.7075443719328187,4,32,0.002319849209801363,9606,Homo sapiens,"","",ANXA1,Q13546,"R-HSA-5357828;R-HSA-9697750;R-HSA-5634221;R-HSA-83656"
R-HSA-69275,"G2/M Transition",0,212,1,625,0.014036016949152543,0.7084675436988348,0.7084675436988348,1,78,0.005654632448890822,9606,Homo sapiens,"","",BRD7,Q09472,"R-HSA-4088162"
R-HSA-5619507,"Activation of HOX genes during differentiation",0,116,1,695,0.007680084745762712,0.7093878868071221,0.7093878868071221,5,43,0.0031172973756705812,9606,Homo sapiens,"","",BRD7,Q09472,"R-HSA-5617431;R-HSA-5617862;R-HSA-5617859;R-HSA-5617452;R-HSA-5617896"
R-HSA-5617472,"Activation of anterior HOX genes in hindbrain development during early embryogenesis",0,116,1,695,0.007680084745762712,0.7093878868071221,0.7093878868071221,5,43,0.0031172973756705812,9606,Homo sapiens,"","",BRD7,Q09472,"R-HSA-5617431;R-HSA-5617862;R-HSA-5617859;R-HSA-5617452;R-HSA-5617896"
R-HSA-453274,"Mitotic G2-G2/M phases",0,214,1,625,0.014168432203389831,0.7093878868071221,0.7093878868071221,1,80,0.005799623024503407,9606,Homo sapiens,"","",BRD7,Q09472,"R-HSA-4088162"
R-HSA-977225,"Amyloid fiber formation",0,89,1,748,0.005892478813559322,0.714851012652836,0.714851012652836,5,33,0.0023923444976076554,9606,Homo sapiens,"","",BCL2,P05067,"R-HSA-8871494;R-HSA-9010091;R-HSA-9010096;R-HSA-5692495;R-HSA-9010034"
R-HSA-168898,"Toll-like Receptor Cascades",0,189,2,692,0.012513241525423728,0.7175450641087723,0.7175450641087723,3,185,0.01341162824416413,9606,Homo sapiens,"","",ANXA1;SENP2,Q13546;Q9Y6K9,"R-HSA-168930;R-HSA-5609665;R-HSA-168921"
R-HSA-450531,"Regulation of mRNA stability by proteins that bind AU-rich elements",1,93,0,743,0.006157309322033898,0.719327356296881,0.719327356296881,3,26,0.0018848774829636073,9606,Homo sapiens,"EXOSC7","",,,"R-HSA-450422;R-HSA-450431;R-HSA-450488"
R-HSA-5357801,"Programmed Cell Death",2,238,5,1496,0.015757415254237288,0.7244633469223625,0.7244633469223625,35,197,0.01428157169783964,9606,Homo sapiens,"BCL2","P10415;ENSG00000171791",MRFAP1L1;MTFR1;ANXA1;BCL2;BCL2,Q13546;O43521;P51572;Q16611;P10415;Q13794;P55957;Q92934;Q07812;Q9NR28;Q9BXH1;O00560,"R-HSA-139906;R-HSA-114307;R-HSA-139905;R-HSA-508163;R-HSA-139914;R-HSA-198347;R-HSA-351948;R-HSA-139913;R-HSA-139918;R-HSA-139919;R-HSA-139917;R-HSA-168848;R-HSA-139920;R-HSA-351894;R-HSA-168849;R-HSA-9688832;R-HSA-5357828;R-HSA-114263;R-HSA-114264;R-HSA-5213462;R-HSA-114275;R-HSA-6790025;R-HSA-9627106;R-HSA-114352;R-HSA-140214;R-HSA-139895;R-HSA-141367;R-HSA-139893;R-HSA-139898;R-HSA-139899;R-HSA-140216;R-HSA-9687465;R-HSA-139897;R-HSA-140217;R-HSA-140221"
R-HSA-9635486,"Infection with Mycobacterium tuberculosis",0,135,3,727,0.00893802966101695,0.7340425307859523,0.7340425307859523,3,73,0.005292156009859359,9606,Homo sapiens,"","",MRFAP1L1;RNF8;BCL2,P28482;P27361;O14964,"R-HSA-9635667;R-HSA-9636304;R-HSA-9636296"
R-HSA-418594,"G alpha (i) signalling events",1,426,2,442,0.028204449152542374,0.7361423628538577,0.7361423628538577,4,74,0.0053646512976656515,9606,Homo sapiens,"ANXA1","P04083",RNF8;BCL2,P28482,"R-HSA-749454;R-HSA-111898;R-HSA-749456;R-HSA-380073"
R-HSA-388396,"GPCR downstream signalling",2,792,3,947,0.0524364406779661,0.737994136896353,0.737994136896353,11,173,0.012541684790488618,9606,Homo sapiens,"ANXA1;LGR4","Q8WXD0;P04083",ANXA1;RNF8;BCL2,P28482;P00533,"R-HSA-379044;R-HSA-749448;R-HSA-749454;R-HSA-749452;R-HSA-2179387;R-HSA-111898;R-HSA-749456;R-HSA-380073;R-HSA-744887;R-HSA-379048;R-HSA-744886"
R-HSA-9612973,"Autophagy",0,166,2,753,0.010990466101694915,0.741526899640468,0.741526899640468,7,108,0.0078294910830796,9606,Homo sapiens,"","",SENP2;BCL2,Q9C0C7;Q8IVP5,"R-HSA-1632843;R-HSA-8948139;R-HSA-8948143;R-HSA-8948146;R-HSA-5678315;R-HSA-8959573;R-HSA-8948039"
R-HSA-9658195,"Leishmania infection",1,406,0,517,0.026880296610169493,0.7464024773794453,0.7464024773794453,1,95,0.006887052341597796,9606,Homo sapiens,"LGR4","",,,"R-HSA-9660824"
R-HSA-373760,"L1CAM interactions",0,130,4,789,0.008606991525423728,0.7519778819341156,0.7519778819341156,3,54,0.0039147455415398,9606,Homo sapiens,"","",MRFAP1L1;ANXA1;RNF8;BCL2,P28482;O00560;P00533,"R-HSA-445079;R-HSA-445069;R-HSA-373738"
R-HSA-425407,"SLC-mediated transmembrane transport",1,420,0,512,0.027807203389830507,0.7582041435230419,0.7582041435230419,1,191,0.013846599971001884,9606,Homo sapiens,"SLC5A12","",,,"R-HSA-8876312"
R-HSA-71291,"Metabolism of amino acids and derivatives",0,666,1,267,0.04409427966101695,0.7604996564976566,0.7604996564976566,2,285,0.02066115702479339,9606,Homo sapiens,"","",MRFAP1L1,Q99757,"R-HSA-9035227;R-HSA-9035484"
R-HSA-8953854,"Metabolism of RNA",3,788,4,2027,0.052171610169491525,0.7642805350434196,0.7642805350434196,32,187,0.013556618819776715,9606,Homo sapiens,"EXOSC7;SRSF1;DDX42","Q07955;Q86XP3;Q15024",SRSF1;MRFAP1L1;BRD7;EXOSC7,P38919;Q13895;Q9BUJ2;Q15287;Q01780;Q9NQT4;Q9UBU9;P62995,"R-HSA-8849157;R-HSA-72130;R-HSA-75079;R-HSA-75081;R-HSA-159050;R-HSA-75080;R-HSA-72139;R-HSA-75083;R-HSA-430028;R-HSA-75082;R-HSA-72143;R-HSA-111439;R-HSA-6791223;R-HSA-6791222;R-HSA-77587;R-HSA-6791218;R-HSA-158484;R-HSA-75096;R-HSA-77594;R-HSA-6791228;R-HSA-72160;R-HSA-72107;R-HSA-158447;R-HSA-450422;R-HSA-72180;R-HSA-156661;R-HSA-72185;R-HSA-450431;R-HSA-72124;R-HSA-72127;R-HSA-450488;R-HSA-159101"
R-HSA-9022692,"Regulation of MECP2 expression and activity",0,39,1,903,0.0025820974576271187,0.7679996207511951,0.7679996207511951,1,14,0.0010149340292880964,9606,Homo sapiens,"","",MRFAP1L1,P42858,"R-HSA-9023592"
R-HSA-166520,"Signaling by NTRKs",0,166,3,812,0.010990466101694915,0.7679996207511951,0.7679996207511951,4,164,0.011889227200231984,9606,Homo sapiens,"","",RNF8;BRD7;BCL2,P50570;Q07812;Q09472,"R-HSA-9613451;R-HSA-9603598;R-HSA-9619838;R-HSA-9620717"
R-HSA-199992,"trans-Golgi Network Vesicle Budding",1,80,3,888,0.005296610169491525,0.7712997584190739,0.7712997584190739,7,19,0.0013774104683195593,9606,Homo sapiens,"CLVS1","Q8IUQ0",MRFAP1L1;RNF8;BCL2,P50570;O14964;P05067,"R-HSA-5671702;R-HSA-421831;R-HSA-5229132;R-HSA-432706;R-HSA-432707;R-HSA-5333658;R-HSA-421835"
R-HSA-202733,"Cell surface interactions at the vascular wall",0,257,2,715,0.017015360169491525,0.7712997584190739,0.7712997584190739,2,65,0.0047121937074090185,9606,Homo sapiens,"","",SENP2;RNF8,Q9NRD5;Q9UBN6,"R-HSA-8858435;R-HSA-5635741"
R-HSA-157118,"Signaling by NOTCH",0,259,1,769,0.017147775423728813,0.7840505581626077,0.7840505581626077,3,154,0.011164274322169059,9606,Homo sapiens,"","",BRD7,Q09472,"R-HSA-1912394;R-HSA-1912391;R-HSA-2976563"
R-HSA-112314,"Neurotransmitter receptors and postsynaptic signal transmission",0,232,1,789,0.015360169491525424,0.7894935292919045,0.7894935292919045,3,109,0.007901986370885893,9606,Homo sapiens,"","",RNF8,Q9NRD5,"R-HSA-421007;R-HSA-416639;R-HSA-416985"
R-HSA-381038,"XBP1(S) activates chaperone genes",0,95,2,924,0.006289724576271186,0.7944752334509926,0.7944752334509926,2,47,0.003407278526895752,9606,Homo sapiens,"","",MRFAP1L1;SRSF1,O76024;P51858,"R-HSA-1791112;R-HSA-1791169"
R-HSA-381070,"IRE1alpha activates chaperones",0,101,2,928,0.006686970338983051,0.7967606855244498,0.7967606855244498,2,53,0.0038422502537335075,9606,Homo sapiens,"","",MRFAP1L1;SRSF1,O76024;P51858,"R-HSA-1791112;R-HSA-1791169"
R-HSA-1257604,"PIP3 activates AKT signaling",0,321,1,775,0.021252648305084745,0.8050355134035065,0.8050355134035065,2,86,0.0062345947513411624,9606,Homo sapiens,"","",BCL2,Q92934;P22736,"R-HSA-199863;R-HSA-198347"
R-HSA-162906,"HIV Infection",0,263,1,849,0.01741260593220339,0.8072068822191621,0.8072068822191621,1,160,0.011599246049006815,9606,Homo sapiens,"","",SENP2,P46060,"R-HSA-165055"
R-HSA-8957322,"Metabolism of steroids",0,331,1,753,0.021914724576271187,0.8090493583510332,0.8090493583510332,2,245,0.017761345512541684,9606,Homo sapiens,"","",TIMM23,Q15125,"R-HSA-195690;R-HSA-6807052"
R-HSA-913531,"Interferon Signaling",0,395,1,741,0.026152012711864406,0.8150683431808469,0.8150683431808469,1,71,0.005147165434246774,9606,Homo sapiens,"","",SENP2,P63165,"R-HSA-877281"
R-HSA-2990846,"SUMOylation",2,192,8,1898,0.012711864406779662,0.8188356178366928,0.8188356178366928,16,140,0.010149340292880962,9606,Homo sapiens,"HERC2;SENP2","Q9HC62;O95714",SRSF1;SENP2;ANXA1;RNF8;FOXA1;BRD7;RNF8;BCL2,P55854;Q9Y6K9;P63165;P61956;P04637;Q14676;P10275;P10276;P11387;P03372;Q09472,"R-HSA-3899291;R-HSA-2997706;R-HSA-4090390;R-HSA-4551724;R-HSA-2993763;R-HSA-4341072;R-HSA-4641362;R-HSA-2990840;R-HSA-2993784;R-HSA-4090408;R-HSA-2990842;R-HSA-2993781;R-HSA-4755411;R-HSA-2990833;R-HSA-4570553;R-HSA-4570554"
R-HSA-8878171,"Transcriptional regulation by RUNX1",0,261,1,887,0.0172801906779661,0.8211900055240586,0.8211900055240586,5,132,0.009569377990430622,9606,Homo sapiens,"","",BRD7,Q09472,"R-HSA-8936616;R-HSA-8935740;R-HSA-8937037;R-HSA-8936979;R-HSA-8878056"
R-HSA-5633007,"Regulation of TP53 Activity",1,178,2,992,0.011784957627118644,0.8293213608818082,0.8293213608818082,7,98,0.007104538205016674,9606,Homo sapiens,"BRD7","Q9NPI1",BRD7;BCL2,P04637;Q09472,"R-HSA-6811479;R-HSA-5628871;R-HSA-6804229;R-HSA-6805650;R-HSA-6804188;R-HSA-3222093;R-HSA-6804762"
R-HSA-1280215,"Cytokine Signaling in Immune system",4,1094,3,2929,0.0724311440677966,0.8347411361391756,0.8347411361391756,6,710,0.05147165434246774,9606,Homo sapiens,"ANXA1;BCL2","P10415;ENSG00000171791;P04083;ENSG00000135046",SENP2;ANXA1;BCL2,P63165;Q9Y6K9;P00441;O43521,"R-HSA-6785895;R-HSA-9699574;R-HSA-5609665;R-HSA-8950771;R-HSA-877281;R-HSA-6790025"
R-HSA-5683057,"MAPK family signaling cascades",0,380,4,845,0.025158898305084745,0.8368311505740753,0.8368311505740753,13,122,0.008844425112367696,9606,Homo sapiens,"","",MRFAP1L1;RNF8;HERC2;BCL2,Q16659;P28482;P27361,"R-HSA-109857;R-HSA-5692788;R-HSA-109858;R-HSA-5687090;R-HSA-5692755;R-HSA-109863;R-HSA-109864;R-HSA-5692764;R-HSA-5692770;R-HSA-5692749;R-HSA-5692781;R-HSA-5687112;R-HSA-5687081"
R-HSA-8864260,"Transcriptional regulation by the AP-2 (TFAP2) family of transcription factors",0,52,3,1128,0.0034427966101694915,0.8376164845584209,0.8376164845584209,4,44,0.003189792663476874,9606,Homo sapiens,"","",SRSF1;ANXA1;BRD7,P03372;P00533;Q09472,"R-HSA-8937369;R-HSA-8864307;R-HSA-8874797;R-HSA-8864395"
R-HSA-9006925,"Intracellular signaling by second messengers",0,368,1,887,0.024364406779661018,0.8462644635940204,0.8462644635940204,2,114,0.008264462809917356,9606,Homo sapiens,"","",BCL2,Q92934;P22736,"R-HSA-199863;R-HSA-198347"
R-HSA-8862803,"Deregulated CDK5 triggers multiple neurodegenerative pathways in Alzheimer's disease models",0,30,1,1212,0.001986228813559322,0.853994339767558,0.853994339767558,3,22,0.001594896331738437,9606,Homo sapiens,"","",BCL2,O43521;P05067,"R-HSA-8870710;R-HSA-8863009;R-HSA-8870686"
R-HSA-8863678,"Neurodegenerative Diseases",0,30,1,1212,0.001986228813559322,0.853994339767558,0.853994339767558,3,22,0.001594896331738437,9606,Homo sapiens,"","",BCL2,O43521;P05067,"R-HSA-8870710;R-HSA-8863009;R-HSA-8870686"
R-HSA-9734009,"Defective Intrinsic Pathway for Apoptosis",0,33,1,1212,0.002184851694915254,0.8544647228775215,0.8544647228775215,3,24,0.0017398869073510222,9606,Homo sapiens,"","",BCL2,O43521;P05067,"R-HSA-8870710;R-HSA-8863009;R-HSA-8870686"
R-HSA-556833,"Metabolism of lipids",3,1446,3,1678,0.09573622881355932,0.8555381243107473,0.8555381243107473,7,955,0.06923299985500943,9606,Homo sapiens,"FABP5;ME1","P48163;Q01469;ENSG00000065833",TIMM23;SENP2;ME1,Q8N661;Q7Z5P4;Q15125;P48163;Q96CM8,"R-HSA-5696004;R-HSA-1989756;R-HSA-8874435;R-HSA-195690;R-HSA-5334794;R-HSA-6807052;R-HSA-8862380"
R-HSA-73887,"Death Receptor Signalling",0,159,3,1177,0.010527012711864406,0.8653227170574563,0.8653227170574563,6,93,0.006742061765985211,9606,Homo sapiens,"","",ANXA1;SENP2;BCL2,Q13546;O43521;Q9UBN6;Q92934,"R-HSA-205075;R-HSA-5357828;R-HSA-9697750;R-HSA-5635741;R-HSA-5634221;R-HSA-83656"
R-HSA-372790,"Signaling by GPCR",2,871,3,1473,0.057666843220338986,0.8658848803790776,0.8658848803790776,14,360,0.02609830361026533,9606,Homo sapiens,"ANXA1;LGR4","Q8WXD0;P04083",ANXA1;RNF8;BCL2,P28482;P00533,"R-HSA-379044;R-HSA-749448;R-HSA-749454;R-HSA-749452;R-HSA-444879;R-HSA-380073;R-HSA-391913;R-HSA-379048;R-HSA-444476;R-HSA-2179387;R-HSA-111898;R-HSA-749456;R-HSA-744887;R-HSA-744886"
R-HSA-9645723,"Diseases of programmed cell death",0,90,1,1216,0.005958686440677966,0.8676979493190219,0.8676979493190219,3,28,0.0020298680585761927,9606,Homo sapiens,"","",BCL2,O43521;P05067,"R-HSA-8870710;R-HSA-8863009;R-HSA-8870686"
R-HSA-8986944,"Transcriptional Regulation by MECP2",0,100,1,1220,0.0066207627118644065,0.8712889902347725,0.8712889902347725,1,77,0.005582137161084529,9606,Homo sapiens,"","",MRFAP1L1,P42858,"R-HSA-9023592"
R-HSA-112315,"Transmission across Chemical Synapses",0,343,1,1082,0.022709216101694914,0.8891407319979917,0.8891407319979917,3,163,0.011816731912425693,9606,Homo sapiens,"","",RNF8,Q9NRD5,"R-HSA-421007;R-HSA-416639;R-HSA-416985"
R-HSA-201681,"TCF dependent signaling in response to WNT",1,216,0,1272,0.014300847457627119,0.8935606720026243,0.8935606720026243,3,71,0.005147165434246774,9606,Homo sapiens,"LGR4","",,,"R-HSA-4641206;R-HSA-4641205;R-HSA-4641246"
R-HSA-1640170,"Cell Cycle",2,734,3,2046,0.04859639830508475,0.9045583822187984,0.9045583822187984,5,451,0.03269537480063796,9606,Homo sapiens,"HERC2;RNF8","O95714;O76064",MRFAP1L1;RNF8;BRD7,Q8N0S2;Q9Y6D9;Q09472,"R-HSA-5683735;R-HSA-69891;R-HSA-141409;R-HSA-912505;R-HSA-4088162"
R-HSA-381119,"Unfolded Protein Response (UPR)",1,155,3,1370,0.010262182203389831,0.9065851360963332,0.9065851360963332,7,94,0.006814557053791504,9606,Homo sapiens,"EXOSC7","Q15024",MRFAP1L1;SRSF1;TIMM23,Q96BA8;O76024;P51858,"R-HSA-1791112;R-HSA-8874212;R-HSA-517731;R-HSA-8874194;R-HSA-8874193;R-HSA-1791169;R-HSA-8874184"
R-HSA-112316,"Neuronal System",0,489,1,1156,0.03237552966101695,0.9216107536186093,0.9216107536186093,3,216,0.0156589821661592,9606,Homo sapiens,"","",RNF8,Q9NRD5,"R-HSA-421007;R-HSA-416639;R-HSA-416985"
R-HSA-2262752,"Cellular responses to stress",3,1001,4,2777,0.0662738347457627,0.9227402225602799,0.9227402225602799,13,444,0.03218790778599391,9606,Homo sapiens,"EXOSC7;ME1","P48163;ENSG00000065833;Q15024",MRFAP1L1;SRSF1;TIMM23;BRD7,Q99757;Q96BA8;O76024;P51858;Q09472,"R-HSA-3322995;R-HSA-8874212;R-HSA-517731;R-HSA-1234167;R-HSA-9761854;R-HSA-8874184;R-HSA-1791112;R-HSA-8874194;R-HSA-9761825;R-HSA-8874193;R-HSA-3323050;R-HSA-1791169;R-HSA-3697894"
R-HSA-8953897,"Cellular responses to stimuli",3,1019,4,2803,0.0674655720338983,0.9266824083893341,0.9266824083893341,13,475,0.03443526170798898,9606,Homo sapiens,"EXOSC7;ME1","P48163;ENSG00000065833;Q15024",MRFAP1L1;SRSF1;TIMM23;BRD7,Q99757;Q96BA8;O76024;P51858;Q09472,"R-HSA-3322995;R-HSA-8874212;R-HSA-517731;R-HSA-1234167;R-HSA-9761854;R-HSA-8874184;R-HSA-1791112;R-HSA-8874194;R-HSA-9761825;R-HSA-8874193;R-HSA-3323050;R-HSA-1791169;R-HSA-3697894"
R-HSA-9679506,"SARS-CoV Infections",0,516,1,1262,0.03416313559322034,0.927800727004766,0.927800727004766,1,329,0.023850949688270263,9606,Homo sapiens,"","",ANXA1,Q13546,"R-HSA-9679839"
R-HSA-168256,"Immune System",6,2691,3,4153,0.1781647245762712,0.9308073335473571,0.9308073335473571,19,1625,0.11780484268522547,9606,Homo sapiens,"ANXA1;HERC2;FABP5;BCL2","Q01469;O95714;P10415;ENSG00000171791;P04083;ENSG00000135046",ANXA1;SENP2;BCL2,Q13546;P63165;Q9Y6K9;P00441;O43521;Q9C000,"R-HSA-6785895;R-HSA-168930;R-HSA-9699574;R-HSA-1810457;R-HSA-168934;R-HSA-983147;R-HSA-622415;R-HSA-983140;R-HSA-879201;R-HSA-877281;R-HSA-6790025;R-HSA-6798743;R-HSA-844447;R-HSA-5609665;R-HSA-6798751;R-HSA-983157;R-HSA-8950771;R-HSA-168921;R-HSA-983156"
R-HSA-5663202,"Diseases of signal transduction by growth factor receptors and second messengers",0,498,3,1369,0.03297139830508475,0.9347121166991385,0.9347121166991385,6,478,0.034652747571407856,9606,Homo sapiens,"","",ANXA1;BRD7;BCL2,Q92934;P00533;P22736;Q09472,"R-HSA-2399988;R-HSA-2399941;R-HSA-2220964;R-HSA-1248677;R-HSA-2220971;R-HSA-1247999"
R-HSA-69278,"Cell Cycle, Mitotic",0,596,1,1407,0.03945974576271186,0.9445843005127917,0.9445843005127917,1,352,0.025518341307814992,9606,Homo sapiens,"","",BRD7,Q09472,"R-HSA-4088162"
R-HSA-195721,"Signaling by WNT",1,332,0,1634,0.02198093220338983,0.950094953014682,0.950094953014682,3,157,0.011381760185587937,9606,Homo sapiens,"LGR4","",,,"R-HSA-4641206;R-HSA-4641205;R-HSA-4641246"
R-HSA-3108232,"SUMO E3 ligases SUMOylate target proteins",1,183,8,1863,0.012115995762711865,0.955445849860159,0.955445849860159,10,131,0.00949688270262433,9606,Homo sapiens,"HERC2","O95714",SRSF1;SENP2;ANXA1;RNF8;FOXA1;BRD7;RNF8;BCL2,Q9Y6K9;P04637;Q14676;P10275;P10276;P11387;P03372;Q09472,"R-HSA-3899291;R-HSA-4341072;R-HSA-4641362;R-HSA-4090408;R-HSA-2997706;R-HSA-4090390;R-HSA-4551724;R-HSA-4755411;R-HSA-4570553;R-HSA-4570554"
R-HSA-199991,"Membrane Trafficking",1,668,3,1495,0.04422669491525424,0.959157680390889,0.959157680390889,7,219,0.015876468029578077,9606,Homo sapiens,"CLVS1","Q8IUQ0",MRFAP1L1;RNF8;BCL2,P50570;O14964;P05067,"R-HSA-5671702;R-HSA-421831;R-HSA-5229132;R-HSA-432706;R-HSA-432707;R-HSA-5333658;R-HSA-421835"
R-HSA-168249,"Innate Immune System",2,1338,3,2051,0.08858580508474577,0.9604517083057922,0.9604517083057922,10,710,0.05147165434246774,9606,Homo sapiens,"FABP5;BCL2","Q01469;P10415",ANXA1;SENP2;BCL2,Q13546;Q9Y6K9;Q9C000,"R-HSA-6798743;R-HSA-168930;R-HSA-1810457;R-HSA-844447;R-HSA-5609665;R-HSA-168934;R-HSA-622415;R-HSA-6798751;R-HSA-168921;R-HSA-879201"
R-HSA-1280218,"Adaptive Immune System",1,1012,0,1241,0.0670021186440678,0.9641084574420598,0.9641084574420598,4,264,0.019138755980861243,9606,Homo sapiens,"HERC2","",,,"R-HSA-983147;R-HSA-983157;R-HSA-983156;R-HSA-983140"
R-HSA-382551,"Transport of small molecules",1,965,1,1205,0.06389036016949153,0.9643490544187698,0.9643490544187698,2,443,0.03211541249818762,9606,Homo sapiens,"SLC5A12","Q1EHB4",SENP2,P55056,"R-HSA-8866321;R-HSA-8876312"
R-HSA-3700989,"Transcriptional Regulation by TP53",1,487,3,1732,0.03224311440677966,0.9646476000315863,0.9646476000315863,13,259,0.018776279541829782,9606,Homo sapiens,"BRD7","Q9NPI1",BRD7;BCL2;BCL2,Q13794;Q9BXH1;P04637;P55957;Q07812;Q09472,"R-HSA-3700984;R-HSA-3215152;R-HSA-6804229;R-HSA-139913;R-HSA-6811479;R-HSA-5628871;R-HSA-6803892;R-HSA-140214;R-HSA-6805650;R-HSA-6804188;R-HSA-6791291;R-HSA-3222093;R-HSA-6804762"
R-HSA-422475,"Axon guidance",0,585,4,1659,0.03873146186440678,0.965702404551729,0.965702404551729,6,298,0.021603595766275192,9606,Homo sapiens,"","",MRFAP1L1;ANXA1;RNF8;BCL2,P28482;O00560;O00401;P00533,"R-HSA-445079;R-HSA-3928600;R-HSA-445069;R-HSA-418874;R-HSA-4093329;R-HSA-373738"
R-HSA-5653656,"Vesicle-mediated transport",1,828,3,1524,0.05481991525423729,0.9698289934060155,0.9698289934060155,7,252,0.01826881252718573,9606,Homo sapiens,"CLVS1","Q8IUQ0",MRFAP1L1;RNF8;BCL2,P50570;O14964;P05067,"R-HSA-5671702;R-HSA-421831;R-HSA-5229132;R-HSA-432706;R-HSA-432707;R-HSA-5333658;R-HSA-421835"
R-HSA-162582,"Signal Transduction",8,3013,8,6436,0.1994835805084746,0.9711802320403737,0.9711802320403737,83,2465,0.17870088444251123,9606,Homo sapiens,"FOXA1;ANXA1;FABP5;BCL2;FGFBP3;LGR4","Q01469;Q8WXD0;P10415;Q9BXB1;ENSG00000171791;Q8TAT2;P04083;P55317",MRFAP1L1;ANXA1;SENP2;RNF8;HERC2;BRD7;VSNL1;BCL2,Q16659;Q13546;P50570;O43521;P10415;P27361;Q92934;P00533;O95995;Q13043;P28482;Q9UBN6;Q07812;P04155;P22736;P55056;Q09472,"R-HSA-749448;R-HSA-9011981;R-HSA-749454;R-HSA-5692755;R-HSA-9023884;R-HSA-9035279;R-HSA-9008271;R-HSA-9011983;R-HSA-749452;R-HSA-9018497;R-HSA-9009536;R-HSA-2028692;R-HSA-5692764;R-HSA-9018499;R-HSA-5422942;R-HSA-9009541;R-HSA-9701531;R-HSA-205075;R-HSA-177942;R-HSA-9008285;R-HSA-4641246;R-HSA-9011985;R-HSA-9613451;R-HSA-9011984;R-HSA-2179387;R-HSA-111898;R-HSA-749456;R-HSA-5692749;R-HSA-9603598;R-HSA-5687112;R-HSA-2976563;R-HSA-9009065;R-HSA-109857;R-HSA-379044;R-HSA-5692788;R-HSA-109858;R-HSA-5622129;R-HSA-109863;R-HSA-109864;R-HSA-380073;R-HSA-9623999;R-HSA-379048;R-HSA-9674531;R-HSA-9029561;R-HSA-199863;R-HSA-5692770;R-HSA-190260;R-HSA-444476;R-HSA-5692781;R-HSA-744887;R-HSA-5633256;R-HSA-744886;R-HSA-9697750;R-HSA-198347;R-HSA-5635741;R-HSA-83656;R-HSA-5632668;R-HSA-444879;R-HSA-5656070;R-HSA-9009371;R-HSA-5357828;R-HSA-1912394;R-HSA-9038163;R-HSA-1912391;R-HSA-5634100;R-HSA-5687090;R-HSA-9023840;R-HSA-9009378;R-HSA-9011941;R-HSA-391913;R-HSA-9619838;R-HSA-9038052;R-HSA-4641206;R-HSA-4641205;R-HSA-9009533;R-HSA-9018494;R-HSA-5634221;R-HSA-9023859;R-HSA-9023861;R-HSA-9023860;R-HSA-5687081;R-HSA-9009526;R-HSA-9620717"
R-HSA-9675108,"Nervous system development",0,621,4,1811,0.041114936440677964,0.9748746890640394,0.9748746890640394,6,324,0.0234884732492388,9606,Homo sapiens,"","",MRFAP1L1;ANXA1;RNF8;BCL2,P28482;O00560;O00401;P00533,"R-HSA-445079;R-HSA-3928600;R-HSA-445069;R-HSA-418874;R-HSA-4093329;R-HSA-373738"
R-HSA-109582,"Hemostasis",0,803,2,1691,0.05316472457627119,0.977467441929146,0.977467441929146,2,334,0.024213426127301724,9606,Homo sapiens,"","",SENP2;RNF8,Q9NRD5;Q9UBN6,"R-HSA-8858435;R-HSA-5635741"
R-HSA-9006934,"Signaling by Receptor Tyrosine Kinases",1,620,4,2439,0.041048728813559324,0.9902252619408187,0.9902252619408187,9,746,0.054081484703494276,9606,Homo sapiens,"FGFBP3","Q8TAT2",ANXA1;RNF8;BRD7;BCL2,P50570;Q07812;P00533;Q09472,"R-HSA-5656070;R-HSA-9674531;R-HSA-177942;R-HSA-190260;R-HSA-9613451;R-HSA-9603598;R-HSA-9619838;R-HSA-9620717;R-HSA-9701531"
R-HSA-597592,"Post-translational protein modification",2,1605,8,2988,0.10626324152542373,0.9927676531278183,0.9927676531278183,16,538,0.039002464839785415,9606,Homo sapiens,"HERC2;SENP2","Q9HC62;O95714",SRSF1;SENP2;ANXA1;RNF8;FOXA1;BRD7;RNF8;BCL2,P55854;Q9Y6K9;P63165;P61956;P04637;Q14676;P10275;P10276;P11387;P03372;Q09472,"R-HSA-3899291;R-HSA-2997706;R-HSA-4090390;R-HSA-4551724;R-HSA-2993763;R-HSA-4341072;R-HSA-4641362;R-HSA-2990840;R-HSA-2993784;R-HSA-4090408;R-HSA-2990842;R-HSA-2993781;R-HSA-4755411;R-HSA-2990833;R-HSA-4570553;R-HSA-4570554"
R-HSA-1430728,"Metabolism",3,3639,5,2593,0.24092955508474576,0.9974976460184564,0.9974976460184564,12,2250,0.16311439756415833,9606,Homo sapiens,"FABP5;ME1","P48163;Q01469;ENSG00000065833",MRFAP1L1;TIMM23;SENP2;RNF8;ME1,Q99757;P50570;Q15125;P48163;Q96CM8;Q8N661;O00401;Q7Z5P4,"R-HSA-1989756;R-HSA-5696004;R-HSA-9035227;R-HSA-8874435;R-HSA-9035484;R-HSA-195690;R-HSA-6807052;R-HSA-8862380;R-HSA-5334794;R-HSA-203662;R-HSA-9012036;R-HSA-203565"
R-HSA-1266738,"Developmental Biology",0,1263,5,3108,0.08362023305084745,0.9988212243521953,0.9988212243521953,13,556,0.04030738002029868,9606,Homo sapiens,"","",MRFAP1L1;ANXA1;RNF8;BRD7;BCL2,P28482;O00560;O00401;P00533;Q09472,"R-HSA-5617431;R-HSA-3928600;R-HSA-445069;R-HSA-4093329;R-HSA-373738;R-HSA-445079;R-HSA-5617862;R-HSA-5617859;R-HSA-381309;R-HSA-5617452;R-HSA-9617064;R-HSA-418874;R-HSA-5617896"
R-HSA-392499,"Metabolism of proteins",2,2212,8,4090,0.1464512711864407,0.9994417408674646,0.9994417408674646,21,810,0.058721183123097,9606,Homo sapiens,"HERC2;SENP2","Q9HC62;O95714",SRSF1;SENP2;ANXA1;RNF8;FOXA1;BRD7;RNF8;BCL2,P55854;P61956;P04637;Q14676;P03372;P05067;Q9Y6K9;P63165;P10275;P10276;P11387;Q09472,"R-HSA-3899291;R-HSA-8871494;R-HSA-9010091;R-HSA-2997706;R-HSA-4090390;R-HSA-4551724;R-HSA-2993763;R-HSA-4341072;R-HSA-4641362;R-HSA-2990840;R-HSA-2993784;R-HSA-4090408;R-HSA-2990842;R-HSA-2993781;R-HSA-9010096;R-HSA-5692495;R-HSA-9010034;R-HSA-4755411;R-HSA-2990833;R-HSA-4570553;R-HSA-4570554"
R-HSA-5663205,"Infectious disease",1,1574,5,3290,0.10421080508474577,0.9995023244347156,0.9995023244347156,6,825,0.05980861244019139,9606,Homo sapiens,"LGR4","Q8WXD0",MRFAP1L1;ANXA1;SENP2;RNF8;BCL2,Q13546;P28482;P46060;P27361;O14964,"R-HSA-9635667;R-HSA-9636304;R-HSA-9636296;R-HSA-9660824;R-HSA-9679839;R-HSA-165055"
R-HSA-73857,"RNA Polymerase II Transcription",2,1697,6,4792,0.11235434322033898,0.9996190013463179,0.9996190013463179,33,891,0.0645933014354067,9606,Homo sapiens,"SRSF1;BRD7","Q9NPI1;Q07955",MRFAP1L1;SRSF1;ANXA1;BRD7;BCL2;BCL2,O43521;Q13794;Q9BXH1;P04637;P55957;P00533;P42858;Q07812;P03372;Q09472,"R-HSA-3700984;R-HSA-3215152;R-HSA-8937037;R-HSA-8951951;R-HSA-139913;R-HSA-8864395;R-HSA-9008839;R-HSA-8853911;R-HSA-8937369;R-HSA-5628871;R-HSA-6803892;R-HSA-9617735;R-HSA-9622667;R-HSA-8936979;R-HSA-6791291;R-HSA-9622604;R-HSA-8952232;R-HSA-8936616;R-HSA-9023592;R-HSA-6804229;R-HSA-8874797;R-HSA-8952419;R-HSA-8878056;R-HSA-6811479;R-HSA-8952058;R-HSA-140214;R-HSA-8935740;R-HSA-8864307;R-HSA-72180;R-HSA-6805650;R-HSA-6804188;R-HSA-3222093;R-HSA-6804762"
R-HSA-74160,"Gene expression (Transcription)",2,1860,7,5016,0.12314618644067797,0.9997788229538618,0.9997788229538618,36,1006,0.07293025953313034,9606,Homo sapiens,"SRSF1;BRD7","Q9NPI1;Q07955",MRFAP1L1;SRSF1;ANXA1;CAV3;BRD7;BCL2;BCL2,O43521;Q13794;Q9BXH1;P04637;P55957;P00533;P42858;Q07812;Q6NZI2;P03372;Q09472,"R-HSA-3700984;R-HSA-3215152;R-HSA-8937037;R-HSA-8951951;R-HSA-139913;R-HSA-8864395;R-HSA-9008839;R-HSA-8853911;R-HSA-8937369;R-HSA-5628871;R-HSA-6803892;R-HSA-9617735;R-HSA-9622667;R-HSA-8936979;R-HSA-6791291;R-HSA-9622604;R-HSA-8952232;R-HSA-8936616;R-HSA-9023592;R-HSA-5250930;R-HSA-6804229;R-HSA-8874797;R-HSA-8952419;R-HSA-8878056;R-HSA-74993;R-HSA-6811479;R-HSA-74992;R-HSA-8952058;R-HSA-140214;R-HSA-8935740;R-HSA-8864307;R-HSA-72180;R-HSA-6805650;R-HSA-6804188;R-HSA-3222093;R-HSA-6804762"
R-HSA-212436,"Generic Transcription Pathway",1,1555,6,4654,0.10295286016949153,0.9999554701726306,0.9999554701726306,32,830,0.06017108887922285,9606,Homo sapiens,"BRD7","Q9NPI1",MRFAP1L1;SRSF1;ANXA1;BRD7;BCL2;BCL2,O43521;Q13794;Q9BXH1;P04637;P55957;P00533;P42858;Q07812;P03372;Q09472,"R-HSA-3700984;R-HSA-3215152;R-HSA-8937037;R-HSA-8951951;R-HSA-139913;R-HSA-8864395;R-HSA-9008839;R-HSA-8853911;R-HSA-8937369;R-HSA-5628871;R-HSA-6803892;R-HSA-9617735;R-HSA-9622667;R-HSA-8936979;R-HSA-6791291;R-HSA-9622604;R-HSA-8952232;R-HSA-8936616;R-HSA-9023592;R-HSA-6804229;R-HSA-8874797;R-HSA-8952419;R-HSA-8878056;R-HSA-6811479;R-HSA-8952058;R-HSA-140214;R-HSA-8935740;R-HSA-8864307;R-HSA-6805650;R-HSA-6804188;R-HSA-3222093;R-HSA-6804762"
R-HSA-1643685,"Disease",1,2651,6,4966,0.1755164194915254,0.9999960396453951,0.9999960396453951,16,1708,0.12382195157314775,9606,Homo sapiens,"LGR4","Q8WXD0",MRFAP1L1;ANXA1;SENP2;RNF8;BRD7;BCL2,Q13546;P46060;O43521;P27361;Q92934;P00533;P28482;O14964;P05067;Q9Y6K9;P22736;Q09472,"R-HSA-9635667;R-HSA-2399941;R-HSA-9636304;R-HSA-2220964;R-HSA-8863009;R-HSA-5228840;R-HSA-2220971;R-HSA-9660824;R-HSA-9679839;R-HSA-1247999;R-HSA-2399988;R-HSA-8870710;R-HSA-1248677;R-HSA-8870686;R-HSA-9636296;R-HSA-165055"
