Pathway identifier,Pathway name,#Entities found,#Entities total,#Interactors found,#Interactors total,Entities ratio,Entities pValue,Entities FDR,#Reactions found,#Reactions total,Reactions ratio,Species identifier,Species name,Submitted entities found,Mapped entities,Submitted entities hit interactor,Interacts with,Found reaction identifiers
R-HSA-8964540,"Alanine metabolism",2,2,0,0,1.7230981304385286E-4,1.1993099188201128E-6,1.3672133074549286E-4,4,4,2.9768549527424274E-4,9606,Homo sapiens,"GPT2","Q8TD30-1;P24298",,,"R-HSA-507749;R-HSA-507775;R-HSA-70523;R-HSA-70524"
R-HSA-4549356,"Defective DPAGT1 causes CDG-1j, CMSTA2",1,1,0,0,8.615490652192643E-5,8.016245831552471E-4,0.045692601239849084,1,1,7.442137381856069E-5,9606,Homo sapiens,"GPT2","Q9H3H5",,,"R-HSA-4549334"
R-HSA-2173791,"TGF-beta receptor signaling in EMT (epithelial to mesenchymal transition)",0,16,1,14,0.0013784785043508229,0.02300511304961439,0.25102851427133754,1,6,4.4652824291136416E-4,9606,Homo sapiens,"","",FBXL15,Q9HCE7,"R-HSA-2160932"
R-HSA-3781860,"Diseases associated with N-glycosylation of proteins",1,20,0,10,0.0017230981304385284,0.023789511835689003,0.25102851427133754,1,24,0.0017861129716454567,9606,Homo sapiens,"GPT2","Q9H3H5",,,"R-HSA-4549334"
R-HSA-5576892,"Phase 0 - rapid depolarisation",1,32,0,0,0.0027569570087016457,0.025356546368262234,0.25102851427133754,1,2,1.4884274763712137E-4,9606,Homo sapiens,"RANGRF","Q9HD47",,,"R-HSA-5576895"
R-HSA-917937,"Iron uptake and transport",0,58,2,293,0.004996984578271733,0.02997334166826915,0.25102851427133754,3,34,0.0025303267098310636,9606,Homo sapiens,"","",BOLA1;FBXL15,P63208;Q13616;O76003,"R-HSA-5690886;R-HSA-5691167;R-HSA-5691131"
R-HSA-3214858,"RMTs methylate histone arginines",2,49,0,320,0.004221590419574395,0.031936823560277494,0.25102851427133754,3,22,0.0016372702240083352,9606,Homo sapiens,"HIST2H2AB","Q8IUE6;Q16777",,,"R-HSA-5205820;R-HSA-5205867;R-HSA-5229203"
R-HSA-8951664,"Neddylation",2,243,0,157,0.02093564228482812,0.03549386007724886,0.25102851427133754,20,44,0.0032745404480166705,9606,Homo sapiens,"FBXL15;COMMD4","Q9H0A8;Q9H469",,,"R-HSA-8956040;R-HSA-8956200;R-HSA-8955241;R-HSA-8956106;R-HSA-8952618;R-HSA-8952620;R-HSA-8952044;R-HSA-8956045;R-HSA-8956099;R-HSA-8956103;R-HSA-8952039;R-HSA-8955289;R-HSA-9755303;R-HSA-8952638;R-HSA-8952639;R-HSA-8952625;R-HSA-8952626;R-HSA-8955285;R-HSA-8952630;R-HSA-8952631"
R-HSA-8955332,"Carboxyterminal post-translational modifications of tubulin",1,46,0,0,0.003963125700008616,0.0362602269430512,0.25102851427133754,1,6,4.4652824291136416E-4,9606,Homo sapiens,"TTLL12","Q14166",,,"R-HSA-8865774"
R-HSA-70263,"Gluconeogenesis",1,34,0,14,0.0029292668217454983,0.03780856877325911,0.25102851427133754,2,25,0.0018605343454640173,9606,Homo sapiens,"RANGRF","Q02978",,,"R-HSA-376851;R-HSA-198440"
R-HSA-111459,"Activation of caspases through apoptosome-mediated cleavage",0,6,1,59,5.169294391315585E-4,0.04781633687190201,0.25102851427133754,2,2,1.4884274763712137E-4,9606,Homo sapiens,"","",BOLA1,P98170,"R-HSA-114261;R-HSA-114252"
R-HSA-379398,"Enzymatic degradation of Dopamine by monoamine oxidase",0,2,1,59,1.7230981304385286E-4,0.04781633687190201,0.25102851427133754,1,2,1.4884274763712137E-4,9606,Homo sapiens,"","",TMEM187,P21964,"R-HSA-379464"
R-HSA-111463,"SMAC (DIABLO) binds to IAPs ",0,7,1,59,6.030843456534849E-4,0.04781633687190201,0.25102851427133754,1,4,2.9768549527424274E-4,9606,Homo sapiens,"","",BOLA1,P98170,"R-HSA-9627350"
R-HSA-379397,"Enzymatic degradation of dopamine by COMT",0,3,1,59,2.584647195657793E-4,0.048582127134096154,0.25102851427133754,2,4,2.9768549527424274E-4,9606,Homo sapiens,"","",TMEM187,P21964,"R-HSA-9679775;R-HSA-379387"
R-HSA-111469,"SMAC, XIAP-regulated apoptotic response",0,8,1,59,6.892392521754114E-4,0.048582127134096154,0.25102851427133754,4,10,7.442137381856069E-4,9606,Homo sapiens,"","",BOLA1,P98170,"R-HSA-9627107;R-HSA-9627104;R-HSA-9627350;R-HSA-9627369"
R-HSA-3371511,"HSF1 activation",0,12,1,57,0.001033858878263117,0.05087605038772869,0.25102851427133754,1,7,5.209496167299249E-4,9606,Homo sapiens,"","",TTLL12,P68104,"R-HSA-3371591"
R-HSA-4641257,"Degradation of AXIN",0,55,1,17,0.004738519858705954,0.05392658542592765,0.25102851427133754,2,8,5.953709905484855E-4,9606,Homo sapiens,"","",FBXL15,Q9HAU4,"R-HSA-4641134;R-HSA-4641256"
R-HSA-3214815,"HDACs deacetylate histones",1,60,0,10,0.0051692943913155855,0.054687788046543395,0.25102851427133754,4,5,3.7210686909280345E-4,9606,Homo sapiens,"HIST2H2AB","Q8IUE6",,,"R-HSA-3777129;R-HSA-3782637;R-HSA-3782655;R-HSA-3769447"
R-HSA-379401,"Dopamine clearance from the synaptic cleft",0,4,1,68,3.446196260877057E-4,0.05620847871441759,0.25102851427133754,3,7,5.209496167299249E-4,9606,Homo sapiens,"","",TMEM187,P21964,"R-HSA-9679775;R-HSA-379464;R-HSA-379387"
R-HSA-156581,"Methylation",0,14,1,63,0.0012061686913069699,0.060000222292670435,0.25102851427133754,1,12,8.930564858227283E-4,9606,Homo sapiens,"","",TMEM187,P21964,"R-HSA-175983"
R-HSA-112311,"Neurotransmitter clearance",0,10,1,72,8.615490652192642E-4,0.06377774405665904,0.25102851427133754,3,13,9.674778596412889E-4,9606,Homo sapiens,"","",TMEM187,P21964,"R-HSA-9679775;R-HSA-379464;R-HSA-379387"
R-HSA-5689901,"Metalloprotease DUBs",1,31,0,73,0.002670802102179719,0.07725982995801595,0.25102851427133754,2,6,4.4652824291136416E-4,9606,Homo sapiens,"HIST2H2AB","Q8IUE6",,,"R-HSA-5691381;R-HSA-5691411"
R-HSA-9627069,"Regulation of the apoptosome activity",0,11,1,99,9.477039717411907E-4,0.08023113691335848,0.25102851427133754,1,6,4.4652824291136416E-4,9606,Homo sapiens,"","",BOLA1,P98170,"R-HSA-9627078"
R-HSA-71291,"Metabolism of amino acids and derivatives",2,375,0,255,0.03230808994572241,0.08575651266730544,0.25102851427133754,4,247,0.01838207933318449,9606,Homo sapiens,"GPT2","Q8TD30-1;P24298",,,"R-HSA-507749;R-HSA-507775;R-HSA-70523;R-HSA-70524"
R-HSA-70326,"Glucose metabolism",1,98,0,18,0.00844318083914879,0.08688395815239613,0.25102851427133754,2,49,0.003646647317109474,9606,Homo sapiens,"RANGRF","Q02978",,,"R-HSA-376851;R-HSA-198440"
R-HSA-3247509,"Chromatin modifying enzymes",2,240,0,509,0.020677177565262342,0.0979796501504,0.25102851427133754,9,85,0.006325816774577659,9606,Homo sapiens,"HIST2H2AB","Q8IUE6;Q16777",,,"R-HSA-3777129;R-HSA-5205820;R-HSA-5205867;R-HSA-3782637;R-HSA-3321975;R-HSA-3782655;R-HSA-3662335;R-HSA-5229203;R-HSA-3769447"
R-HSA-4839726,"Chromatin organization",2,240,0,509,0.020677177565262342,0.0979796501504,0.25102851427133754,9,85,0.006325816774577659,9606,Homo sapiens,"HIST2H2AB","Q8IUE6;Q16777",,,"R-HSA-3777129;R-HSA-5205820;R-HSA-5205867;R-HSA-3782637;R-HSA-3321975;R-HSA-3782655;R-HSA-3662335;R-HSA-5229203;R-HSA-3769447"
R-HSA-111461,"Cytochrome c-mediated apoptotic response",0,13,1,125,0.0011200137847850436,0.09932802732302404,0.25102851427133754,3,12,8.930564858227283E-4,9606,Homo sapiens,"","",BOLA1,P98170,"R-HSA-114261;R-HSA-9627078;R-HSA-114252"
R-HSA-111458,"Formation of apoptosome",0,11,1,125,9.477039717411907E-4,0.09932802732302404,0.25102851427133754,1,10,7.442137381856069E-4,9606,Homo sapiens,"","",BOLA1,P98170,"R-HSA-9627078"
R-HSA-5624958,"ARL13B-mediated ciliary trafficking of INPP5E",0,3,1,145,2.584647195657793E-4,0.11089533595061951,0.25102851427133754,1,4,2.9768549527424274E-4,9606,Homo sapiens,"","",TMEM187,Q3SXY8,"R-HSA-5624953"
R-HSA-156842,"Eukaryotic Translation Elongation",0,95,1,59,0.00818471611958301,0.11376541900061399,0.25102851427133754,1,9,6.697923643670462E-4,9606,Homo sapiens,"","",TTLL12,P68104,"R-HSA-156909"
R-HSA-111465,"Apoptotic cleavage of cellular proteins",0,38,2,729,0.0032738864478332043,0.11905680632917115,0.25102851427133754,2,38,0.0028280122051053064,9606,Homo sapiens,"","",BOLA1;RANGRF,P06396;Q13490,"R-HSA-202960;R-HSA-201622"
R-HSA-3781865,"Diseases of glycosylation",1,146,0,14,0.012578616352201259,0.11947966228299389,0.25102851427133754,1,77,0.005730445784029173,9606,Homo sapiens,"GPT2","Q9H3H5",,,"R-HSA-4549334"
R-HSA-446193,"Biosynthesis of the N-glycan precursor (dolichol lipid-linked oligosaccharide, LLO) and transfer to a nascent protein",1,78,0,94,0.006720082708710261,0.12798658233515126,0.25102851427133754,1,55,0.004093175560020838,9606,Homo sapiens,"GPT2","Q9H3H5",,,"R-HSA-446191"
R-HSA-75153,"Apoptotic execution phase",0,52,2,760,0.004480055139140174,0.12974690500431274,0.25102851427133754,2,57,0.004242018307657959,9606,Homo sapiens,"","",BOLA1;RANGRF,P06396;Q13490,"R-HSA-202960;R-HSA-201622"
R-HSA-111471,"Apoptotic factor-mediated response",0,20,1,164,0.0017230981304385284,0.131508441120342,0.25102851427133754,7,28,0.0020837984669196995,9606,Homo sapiens,"","",BOLA1,P98170,"R-HSA-9627107;R-HSA-9627104;R-HSA-114261;R-HSA-9627350;R-HSA-9627078;R-HSA-9627369;R-HSA-114252"
R-HSA-156580,"Phase II - Conjugation of compounds",0,111,1,70,0.009563194623933832,0.13571714711019855,0.25102851427133754,1,68,0.005060653419662127,9606,Homo sapiens,"","",TMEM187,P21964,"R-HSA-175983"
R-HSA-8854050,"FBXL7 down-regulates AURKA during mitotic entry and in early mitosis",0,55,1,144,0.004738519858705954,0.14546354778553594,0.25102851427133754,1,6,4.4652824291136416E-4,9606,Homo sapiens,"","",FBXL15,P63208;Q13616,"R-HSA-8854052"
R-HSA-8876725,"Protein methylation",0,17,1,182,0.0014646334108727491,0.14615577903709465,0.25102851427133754,2,9,6.697923643670462E-4,9606,Homo sapiens,"","",TTLL12,P68104,"R-HSA-8932413;R-HSA-8931974"
R-HSA-5689603,"UCH proteinases",1,96,0,155,0.008270871026104937,0.14891947373727044,0.25102851427133754,1,11,8.186351120041676E-4,9606,Homo sapiens,"HIST2H2AB","Q8IUE6",,,"R-HSA-5690790"
R-HSA-2173788,"Downregulation of TGF-beta receptor signaling",0,26,1,198,0.002240027569570087,0.1612530956114956,0.25102851427133754,4,28,0.0020837984669196995,9606,Homo sapiens,"","",FBXL15,Q9HCE7;Q9HAU4,"R-HSA-178208;R-HSA-173542;R-HSA-2176445;R-HSA-2167917"
R-HSA-180534,"Vpu mediated degradation of CD4",0,53,1,171,0.0045662100456621,0.16193338126516255,0.25102851427133754,1,5,3.7210686909280345E-4,9606,Homo sapiens,"","",FBXL15,P63208,"R-HSA-180599"
R-HSA-5576891,"Cardiac conduction",1,127,0,109,0.010941673128284656,0.17207606771978012,0.25102851427133754,1,27,0.0020093770931011385,9606,Homo sapiens,"RANGRF","Q9HD47",,,"R-HSA-5576895"
R-HSA-9610379,"HCMV Late Events",1,173,0,88,0.014904798828293271,0.18872633860350685,0.25102851427133754,1,19,0.0014140061025526532,9606,Homo sapiens,"HIST2H2AB","Q8IUE6",,,"R-HSA-9698928"
R-HSA-3371556,"Cellular response to heat stress",0,95,1,179,0.00818471611958301,0.19004476788328906,0.25102851427133754,1,29,0.00215821984073826,9606,Homo sapiens,"","",TTLL12,P68104,"R-HSA-3371591"
R-HSA-5620920,"Cargo trafficking to the periciliary membrane",0,51,1,243,0.004393900232618248,0.19791344203275196,0.25102851427133754,1,27,0.0020093770931011385,9606,Homo sapiens,"","",TMEM187,Q3SXY8,"R-HSA-5624953"
R-HSA-6803207,"TP53 Regulates Transcription of Caspase Activators and Caspases",0,12,1,276,0.001033858878263117,0.20311952432676983,0.25102851427133754,1,17,0.0012651633549155318,9606,Homo sapiens,"","",RANGRF,P55212,"R-HSA-6798126"
R-HSA-9679191,"Potential therapeutics for SARS",0,88,1,198,0.007581631773929526,0.20311952432676983,0.25102851427133754,1,34,0.0025303267098310636,9606,Homo sapiens,"","",TMEM187,P21964,"R-HSA-9679775"
R-HSA-8939902,"Regulation of RUNX2 expression and activity",0,74,1,213,0.006375463082622555,0.20506366114846386,0.25102851427133754,3,32,0.002381483962193942,9606,Homo sapiens,"","",FBXL15,Q9HCE7,"R-HSA-9009401;R-HSA-9009403;R-HSA-9009452"
R-HSA-597592,"Post-translational protein modification",5,1427,1,2983,0.122943051606789,0.20614407292314352,0.25102851427133754,29,526,0.039145642628562925,9606,Homo sapiens,"GPT2;HIST2H2AB;FBXL15;TTLL12;COMMD4","Q8IUE6;Q9H469;Q9H0A8;Q9H3H5;Q14166",TTLL12,P68104,"R-HSA-8956040;R-HSA-8956106;R-HSA-5691411;R-HSA-8956045;R-HSA-8956099;R-HSA-8931974;R-HSA-8956103;R-HSA-8955289;R-HSA-8955285;R-HSA-8956200;R-HSA-8955241;R-HSA-8952618;R-HSA-5691381;R-HSA-8952620;R-HSA-8952044;R-HSA-446191;R-HSA-8865774;R-HSA-8952039;R-HSA-5690790;R-HSA-9755303;R-HSA-8932413;R-HSA-5690080;R-HSA-8952638;R-HSA-8952639;R-HSA-8952625;R-HSA-8952626;R-HSA-5690157;R-HSA-8952630;R-HSA-8952631"
R-HSA-3214847,"HATs acetylate histones",1,108,0,204,0.009304729904368054,0.21407790814491612,0.25102851427133754,2,15,0.0011163206072784104,9606,Homo sapiens,"HIST2H2AB","Q8IUE6",,,"R-HSA-3321975;R-HSA-3662335"
R-HSA-983168,"Antigen processing: Ubiquitination & Proteasome degradation",1,309,0,3,0.026621866115275266,0.2229966796055839,0.25102851427133754,4,9,6.697923643670462E-4,9606,Homo sapiens,"FBXL15","Q9H469",,,"R-HSA-983147;R-HSA-983157;R-HSA-983156;R-HSA-983140"
R-HSA-9613829,"Chaperone Mediated Autophagy",0,22,1,302,0.0018954079434823814,0.22868019612729973,0.25102851427133754,3,19,0.0014140061025526532,9606,Homo sapiens,"","",TTLL12,P68104,"R-HSA-9626034;R-HSA-9626038;R-HSA-9626046"
R-HSA-109606,"Intrinsic Pathway for Apoptosis",0,55,1,304,0.004738519858705954,0.23182091525181114,0.25102851427133754,7,62,0.004614125176750763,9606,Homo sapiens,"","",BOLA1,P98170,"R-HSA-9627107;R-HSA-9627104;R-HSA-114261;R-HSA-9627350;R-HSA-9627078;R-HSA-9627369;R-HSA-114252"
R-HSA-5668914,"Diseases of metabolism",1,253,0,80,0.021797191350047384,0.23244762501112204,0.25102851427133754,1,195,0.014512167894619335,9606,Homo sapiens,"GPT2","Q9H3H5",,,"R-HSA-4549334"
R-HSA-211859,"Biological oxidations",0,223,1,110,0.019212544154389593,0.23619787346916243,0.25102851427133754,1,176,0.013098161792066682,9606,Homo sapiens,"","",TMEM187,P21964,"R-HSA-175983"
R-HSA-9609690,"HCMV Early Events",1,208,0,143,0.017920220556560697,0.24241030637238004,0.25102851427133754,5,12,8.930564858227283E-4,9606,Homo sapiens,"HIST2H2AB","Q8IUE6",,,"R-HSA-9614816;R-HSA-9621073;R-HSA-9614810;R-HSA-9614811;R-HSA-9623096"
R-HSA-397014,"Muscle contraction",1,196,0,171,0.01688636167829758,0.25102851427133754,0.25102851427133754,1,42,0.003125697700379549,9606,Homo sapiens,"RANGRF","Q9HD47",,,"R-HSA-5576895"
R-HSA-109581,"Apoptosis",0,182,2,1142,0.01568019298699061,0.2640952408335584,0.2640952408335584,9,141,0.010493413708417058,9606,Homo sapiens,"","",BOLA1;RANGRF,P06396;Q13490;P98170,"R-HSA-9627107;R-HSA-9627104;R-HSA-202960;R-HSA-114261;R-HSA-9627350;R-HSA-9627078;R-HSA-201622;R-HSA-9627369;R-HSA-114252"
R-HSA-264870,"Caspase-mediated cleavage of cytoskeletal proteins",0,12,1,375,0.001033858878263117,0.266791494896513,0.266791494896513,1,10,7.442137381856069E-4,9606,Homo sapiens,"","",RANGRF,P06396,"R-HSA-201622"
R-HSA-5689880,"Ub-specific processing proteases",1,205,0,195,0.017661755836994916,0.26799111587513924,0.26799111587513924,2,40,0.0029768549527424276,9606,Homo sapiens,"HIST2H2AB","Q8IUE6",,,"R-HSA-5690080;R-HSA-5690157"
R-HSA-2173795,"Downregulation of SMAD2/3:SMAD4 transcriptional activity",0,27,1,379,0.0023261824760920135,0.2733667757554771,0.2733667757554771,2,25,0.0018605343454640173,9606,Homo sapiens,"","",FBXL15,Q9HAU4,"R-HSA-2179274;R-HSA-2179276"
R-HSA-2173789,"TGF-beta receptor signaling activates SMADs",0,46,1,362,0.003963125700008616,0.2739617914644562,0.2739617914644562,4,44,0.0032745404480166705,9606,Homo sapiens,"","",FBXL15,Q9HCE7;Q9HAU4,"R-HSA-178208;R-HSA-173542;R-HSA-2176445;R-HSA-2167917"
R-HSA-8953750,"Transcriptional Regulation by E2F6",0,34,1,387,0.0029292668217454983,0.2745563523926571,0.2745563523926571,4,33,0.002455905336012503,9606,Homo sapiens,"","",COMMD4,Q14186;O75461,"R-HSA-8954056;R-HSA-9007539;R-HSA-9007447;R-HSA-8953111"
R-HSA-1221632,"Meiotic synapsis",0,60,1,381,0.0051692943913155855,0.2939238326097482,0.2939238326097482,1,6,4.4652824291136416E-4,9606,Homo sapiens,"","",RANGRF,P54652,"R-HSA-912505"
R-HSA-71387,"Metabolism of carbohydrates",1,300,0,161,0.025846471956577927,0.3071358049894203,0.3071358049894203,2,236,0.01756344422118032,9606,Homo sapiens,"RANGRF","Q02978",,,"R-HSA-376851;R-HSA-198440"
R-HSA-201681,"TCF dependent signaling in response to WNT",0,202,2,1265,0.017403291117429137,0.31118980106517347,0.31118980106517347,4,71,0.005283917541117809,9606,Homo sapiens,"","",BOLA1;FBXL15,Q9HAU4;P98170,"R-HSA-3322434;R-HSA-4641134;R-HSA-3322431;R-HSA-4641256"
R-HSA-9609646,"HCMV Infection",1,262,0,228,0.022572585508744723,0.32290849219607143,0.32290849219607143,6,31,0.0023070625883753813,9606,Homo sapiens,"HIST2H2AB","Q8IUE6",,,"R-HSA-9614816;R-HSA-9621073;R-HSA-9698928;R-HSA-9614810;R-HSA-9614811;R-HSA-9623096"
R-HSA-3769402,"Deactivation of the beta-catenin transactivating complex",0,42,1,507,0.00361850607392091,0.349707084858624,0.349707084858624,2,14,0.0010418992334598498,9606,Homo sapiens,"","",BOLA1,P98170,"R-HSA-3322434;R-HSA-3322431"
R-HSA-5617833,"Cilium Assembly",0,202,1,415,0.017403291117429137,0.36194160548785825,0.36194160548785825,1,50,0.0037210686909280345,9606,Homo sapiens,"","",TMEM187,Q3SXY8,"R-HSA-5624953"
R-HSA-5633008,"TP53 Regulates Transcription of Cell Death Genes",0,44,1,527,0.003790815886964763,0.36194160548785825,0.36194160548785825,1,67,0.004986232045843566,9606,Homo sapiens,"","",RANGRF,P55212,"R-HSA-6798126"
R-HSA-5357801,"Programmed Cell Death",0,217,2,1495,0.018695614715258033,0.37697594959311265,0.37697594959311265,9,197,0.014661010642256457,9606,Homo sapiens,"","",BOLA1;RANGRF,P06396;Q13490;P98170,"R-HSA-9627107;R-HSA-9627104;R-HSA-202960;R-HSA-114261;R-HSA-9627350;R-HSA-9627078;R-HSA-201622;R-HSA-9627369;R-HSA-114252"
R-HSA-446203,"Asparagine N-linked glycosylation",1,305,0,327,0.02627724648918756,0.3913422927797612,0.3913422927797612,1,133,0.009898042717868571,9606,Homo sapiens,"GPT2","Q9H3H5",,,"R-HSA-446191"
R-HSA-2173793,"Transcriptional activity of SMAD2/SMAD3:SMAD4 heterotrimer",0,46,1,591,0.003963125700008616,0.3943624207695049,0.3943624207695049,2,44,0.0032745404480166705,9606,Homo sapiens,"","",FBXL15,Q9HAU4,"R-HSA-2179274;R-HSA-2179276"
R-HSA-1500620,"Meiosis",0,88,1,571,0.007581631773929526,0.401355079491887,0.401355079491887,1,15,0.0011163206072784104,9606,Homo sapiens,"","",RANGRF,P54652,"R-HSA-912505"
R-HSA-72766,"Translation",0,294,1,405,0.025329542517446367,0.424762019440704,0.424762019440704,1,99,0.007367716008037508,9606,Homo sapiens,"","",TTLL12,P68104,"R-HSA-156909"
R-HSA-5687128,"MAPK6/MAPK4 signaling",0,89,1,615,0.0076677866804514515,0.426673530692498,0.426673530692498,1,40,0.0029768549527424276,9606,Homo sapiens,"","",TTLL12,P25685,"R-HSA-5690245"
R-HSA-8878166,"Transcriptional regulation by RUNX2",0,121,1,593,0.010424743689153098,0.430004417109338,0.430004417109338,3,84,0.006251395400759098,9606,Homo sapiens,"","",FBXL15,Q9HCE7,"R-HSA-9009401;R-HSA-9009403;R-HSA-9009452"
R-HSA-1474165,"Reproduction",0,114,1,610,0.009821659343499612,0.4328450780812233,0.4328450780812233,1,24,0.0017861129716454567,9606,Homo sapiens,"","",RANGRF,P54652,"R-HSA-912505"
R-HSA-983169,"Class I MHC mediated antigen processing & presentation",1,453,0,270,0.03902817265443267,0.4356725215787989,0.4356725215787989,4,47,0.0034978045694723523,9606,Homo sapiens,"FBXL15","Q9H469",,,"R-HSA-983147;R-HSA-983157;R-HSA-983156;R-HSA-983140"
R-HSA-382551,"Transport of small molecules",0,731,2,1177,0.06297923666752822,0.43732666250493324,0.43732666250493324,3,441,0.03281982585398526,9606,Homo sapiens,"","",BOLA1;FBXL15,P63208;Q13616;O76003,"R-HSA-5690886;R-HSA-5691167;R-HSA-5691131"
R-HSA-195721,"Signaling by WNT",0,299,2,1613,0.025760317050056002,0.4390565294847508,0.4390565294847508,4,157,0.011684155689514029,9606,Homo sapiens,"","",BOLA1;FBXL15,Q9HAU4;P98170,"R-HSA-3322434;R-HSA-4641134;R-HSA-3322431;R-HSA-4641256"
R-HSA-392499,"Metabolism of proteins",5,1950,1,4068,0.16800206771775653,0.4482808275956536,0.4482808275956536,30,793,0.05901614943811863,9606,Homo sapiens,"GPT2;HIST2H2AB;FBXL15;TTLL12;COMMD4","Q8IUE6;Q9H469;Q9H0A8;Q9H3H5;Q14166",TTLL12,P68104,"R-HSA-8956040;R-HSA-8956106;R-HSA-5691411;R-HSA-8956045;R-HSA-8956099;R-HSA-8931974;R-HSA-8956103;R-HSA-8955289;R-HSA-8955285;R-HSA-8956200;R-HSA-8955241;R-HSA-8952618;R-HSA-5691381;R-HSA-8952620;R-HSA-8952044;R-HSA-446191;R-HSA-8865774;R-HSA-8952039;R-HSA-156909;R-HSA-5690790;R-HSA-9755303;R-HSA-8932413;R-HSA-5690080;R-HSA-8952638;R-HSA-8952639;R-HSA-8952625;R-HSA-8952626;R-HSA-5690157;R-HSA-8952630;R-HSA-8952631"
R-HSA-162909,"Host Interactions of HIV factors",0,144,1,645,0.012406306539157405,0.4632324510931387,0.4632324510931387,1,54,0.004018754186202277,9606,Homo sapiens,"","",FBXL15,P63208,"R-HSA-180599"
R-HSA-69275,"G2/M Transition",0,198,1,621,0.01705867149134143,0.47036665450965554,0.47036665450965554,1,78,0.005804867157847734,9606,Homo sapiens,"","",FBXL15,P63208;Q13616,"R-HSA-8854052"
R-HSA-453274,"Mitotic G2-G2/M phases",0,200,1,621,0.017230981304385284,0.4712521807135607,0.4712521807135607,1,80,0.005953709905484855,9606,Homo sapiens,"","",FBXL15,P63208;Q13616,"R-HSA-8854052"
R-HSA-1430728,"Metabolism",3,2143,1,2545,0.18462996467648832,0.4762065694151808,0.4762065694151808,7,2012,0.1497358041229441,9606,Homo sapiens,"GPT2;RANGRF","Q8TD30-1;P24298;Q02978",TMEM187,P21964,"R-HSA-507749;R-HSA-376851;R-HSA-507775;R-HSA-70523;R-HSA-198440;R-HSA-175983;R-HSA-70524"
R-HSA-9612973,"Autophagy",0,152,1,753,0.013095545791332817,0.5047292782508388,0.5047292782508388,3,108,0.008037508372404554,9606,Homo sapiens,"","",TTLL12,P68104,"R-HSA-9626034;R-HSA-9626038;R-HSA-9626046"
R-HSA-170834,"Signaling by TGF-beta Receptor Complex",0,89,1,864,0.0076677866804514515,0.5303129007865557,0.5303129007865557,7,93,0.006921187765126144,9606,Homo sapiens,"","",FBXL15,Q9HCE7;Q9HAU4,"R-HSA-178208;R-HSA-173542;R-HSA-2160932;R-HSA-2179274;R-HSA-2176445;R-HSA-2167917;R-HSA-2179276"
R-HSA-5688426,"Deubiquitination",1,283,0,789,0.02438183854570518,0.5504946408330491,0.5504946408330491,5,77,0.005730445784029173,9606,Homo sapiens,"HIST2H2AB","Q8IUE6",,,"R-HSA-5690790;R-HSA-5691381;R-HSA-5691411;R-HSA-5690080;R-HSA-5690157"
R-HSA-1852241,"Organelle biogenesis and maintenance",0,298,1,790,0.025674162143534074,0.5591604424820915,0.5591604424820915,1,86,0.00640023814839622,9606,Homo sapiens,"","",TMEM187,Q3SXY8,"R-HSA-5624953"
R-HSA-9006936,"Signaling by TGFB family members",0,118,1,936,0.010166278969587317,0.5662012737742115,0.5662012737742115,7,118,0.00878172211059016,9606,Homo sapiens,"","",FBXL15,Q9HCE7;Q9HAU4,"R-HSA-178208;R-HSA-173542;R-HSA-2160932;R-HSA-2179274;R-HSA-2176445;R-HSA-2167917;R-HSA-2179276"
R-HSA-162906,"HIV Infection",0,248,1,839,0.021366416817437752,0.5720488425305088,0.5720488425305088,1,159,0.01183299843715115,9606,Homo sapiens,"","",FBXL15,P63208,"R-HSA-180599"
R-HSA-1640170,"Cell Cycle",0,670,2,2030,0.05772378736969071,0.5912929964764664,0.5912929964764664,2,451,0.03356403959217087,9606,Homo sapiens,"","",FBXL15;RANGRF,P63208;Q13616;P54652,"R-HSA-8854052;R-HSA-912505"
R-HSA-5683057,"MAPK family signaling cascades",0,338,1,845,0.029120358404411132,0.6025783285450781,0.6025783285450781,1,122,0.009079407605864405,9606,Homo sapiens,"","",TTLL12,P25685,"R-HSA-5690245"
R-HSA-112315,"Transmission across Chemical Synapses",0,273,1,1068,0.023520289480485915,0.6643572945086934,0.6643572945086934,3,158,0.011758577063332588,9606,Homo sapiens,"","",TMEM187,P21964,"R-HSA-9679775;R-HSA-379464;R-HSA-379387"
R-HSA-5663205,"Infectious disease",1,1398,2,3255,0.12044455931765315,0.6985680020935949,0.6985680020935949,8,811,0.06035573416685272,9606,Homo sapiens,"HIST2H2AB","Q8IUE6",FBXL15;TMEM187,P63208;P21964,"R-HSA-9614816;R-HSA-9621073;R-HSA-9698928;R-HSA-180599;R-HSA-9614810;R-HSA-9614811;R-HSA-9623096;R-HSA-9679775"
R-HSA-112316,"Neuronal System",0,419,1,1142,0.03609890583268717,0.7207573798173725,0.7207573798173725,3,211,0.015702909875716306,9606,Homo sapiens,"","",TMEM187,P21964,"R-HSA-9679775;R-HSA-379464;R-HSA-379387"
R-HSA-9679506,"SARS-CoV Infections",0,457,1,1247,0.039372792280520374,0.7350336537378603,0.7350336537378603,1,324,0.024112525117213665,9606,Homo sapiens,"","",TMEM187,P21964,"R-HSA-9679775"
R-HSA-69278,"Cell Cycle, Mitotic",0,537,1,1391,0.04626518480227449,0.7696405015651492,0.7696405015651492,1,352,0.026196323584133364,9606,Homo sapiens,"","",FBXL15,P63208;Q13616,"R-HSA-8854052"
R-HSA-1643685,"Disease",2,2219,2,4921,0.19117773757215473,0.8058736655700945,0.8058736655700945,9,1688,0.12562327900573045,9606,Homo sapiens,"GPT2;HIST2H2AB","Q8IUE6;Q9H3H5",FBXL15;TMEM187,P63208;P21964,"R-HSA-9614816;R-HSA-4549334;R-HSA-9621073;R-HSA-9698928;R-HSA-180599;R-HSA-9614810;R-HSA-9614811;R-HSA-9623096;R-HSA-9679775"
R-HSA-3700989,"Transcriptional Regulation by TP53",0,367,1,1727,0.031618850693546995,0.8104410144372787,0.8104410144372787,1,258,0.019200714445188657,9606,Homo sapiens,"","",RANGRF,P55212,"R-HSA-6798126"
R-HSA-1280218,"Adaptive Immune System",1,958,0,1227,0.08253640044800552,0.8185945992065651,0.8185945992065651,4,263,0.019572821314281463,9606,Homo sapiens,"FBXL15","Q9H469",,,"R-HSA-983147;R-HSA-983157;R-HSA-983156;R-HSA-983140"
R-HSA-212436,"Generic Transcription Pathway",0,1258,3,4649,0.10838287240458344,0.8517585028689283,0.8517585028689283,10,829,0.06169531889558681,9606,Homo sapiens,"","",COMMD4;FBXL15;RANGRF,Q14186;Q9HCE7;O75461;P55212;Q9HAU4,"R-HSA-8954056;R-HSA-9009401;R-HSA-9009403;R-HSA-9009452;R-HSA-6798126;R-HSA-9007539;R-HSA-2179274;R-HSA-2179276;R-HSA-9007447;R-HSA-8953111"
R-HSA-73857,"RNA Polymerase II Transcription",0,1382,3,4787,0.11906608081330232,0.8706530538336514,0.8706530538336514,10,890,0.06623502269851901,9606,Homo sapiens,"","",COMMD4;FBXL15;RANGRF,Q14186;Q9HCE7;O75461;P55212;Q9HAU4,"R-HSA-8954056;R-HSA-9009401;R-HSA-9009403;R-HSA-9009452;R-HSA-6798126;R-HSA-9007539;R-HSA-2179274;R-HSA-2179276;R-HSA-9007447;R-HSA-8953111"
R-HSA-74160,"Gene expression (Transcription)",0,1526,3,5010,0.13147238735245972,0.8936805809564422,0.8936805809564422,10,1004,0.07471905931383493,9606,Homo sapiens,"","",COMMD4;FBXL15;RANGRF,Q14186;Q9HCE7;O75461;P55212;Q9HAU4,"R-HSA-8954056;R-HSA-9009401;R-HSA-9009403;R-HSA-9009452;R-HSA-6798126;R-HSA-9007539;R-HSA-2179274;R-HSA-2179276;R-HSA-9007447;R-HSA-8953111"
R-HSA-2262752,"Cellular responses to stress",0,765,1,2762,0.06590850348927371,0.9447512610825806,0.9447512610825806,1,436,0.03244771898489246,9606,Homo sapiens,"","",TTLL12,P68104,"R-HSA-3371591"
R-HSA-8953897,"Cellular responses to stimuli",0,779,1,2785,0.06711467218058069,0.9466025849478357,0.9466025849478357,1,467,0.03475478157326784,9606,Homo sapiens,"","",TTLL12,P68104,"R-HSA-3371591"
R-HSA-162582,"Signal Transduction",0,2588,3,6394,0.2229688980787456,0.9813165258577176,0.9813165258577176,12,2461,0.18315100096747786,9606,Homo sapiens,"","",BOLA1;TTLL12;FBXL15,Q9HCE7;Q9HAU4;P98170;P25685,"R-HSA-178208;R-HSA-173542;R-HSA-2160932;R-HSA-4641134;R-HSA-2179274;R-HSA-2167917;R-HSA-3322431;R-HSA-2179276;R-HSA-4641256;R-HSA-3322434;R-HSA-5690245;R-HSA-2176445"
R-HSA-168256,"Immune System",1,2256,0,4130,0.194365469113466,0.9951895058457552,0.9951895058457552,4,1589,0.11825556299769294,9606,Homo sapiens,"FBXL15","Q9H469",,,"R-HSA-983147;R-HSA-983157;R-HSA-983156;R-HSA-983140"
