Pathway identifier,Pathway name,#Entities found,#Entities total,#Interactors found,#Interactors total,Entities ratio,Entities pValue,Entities FDR,#Reactions found,#Reactions total,Reactions ratio,Species identifier,Species name,Submitted entities found,Mapped entities,Submitted entities hit interactor,Interacts with,Found reaction identifiers
R-HSA-5661231,"Metallothioneins bind metals",3,16,0,41,0.001059322033898305,1.105359882891399E-5,0.002673998926009835,7,27,0.0019573727707699,9606,Homo sapiens,"MT2A;MT1G;MT1X","",,,"R-HSA-5662598;R-HSA-5662615;R-HSA-5662608;R-HSA-5662622;R-HSA-5662618;R-HSA-5662986;R-HSA-5662617"
R-HSA-5660526,"Response to metal ions",3,21,0,50,0.0013903601694915254,2.1222213698490755E-5,0.002673998926009835,7,31,0.0022473539219950702,9606,Homo sapiens,"MT2A;MT1G;MT1X","",,,"R-HSA-5662598;R-HSA-5662615;R-HSA-5662608;R-HSA-5662622;R-HSA-5662618;R-HSA-5662986;R-HSA-5662617"
R-HSA-5603037,"IRAK4 deficiency (TLR5)",0,5,1,11,3.310381355932203E-4,0.011373143266056096,0.24987620632681784,1,2,1.449905756125852E-4,9606,Homo sapiens,"","",MAL,Q9NWZ3,"R-HSA-5602472"
R-HSA-844623,"The IPAF inflammasome",0,5,1,12,3.310381355932203E-4,0.011373143266056096,0.24987620632681784,1,2,1.449905756125852E-4,9606,Homo sapiens,"","",MAL,P29466,"R-HSA-844617"
R-HSA-844615,"The AIM2 inflammasome",0,4,1,22,2.6483050847457627E-4,0.017388930193144247,0.24987620632681784,1,4,2.899811512251704E-4,9606,Homo sapiens,"","",MAL,P29466,"R-HSA-844618"
R-HSA-448706,"Interleukin-1 processing",0,12,1,16,7.944915254237289E-4,0.018887484508905428,0.24987620632681784,2,5,3.6247643903146296E-4,9606,Homo sapiens,"","",MAL,P29466,"R-HSA-448678;R-HSA-448673"
R-HSA-947581,"Molybdenum cofactor biosynthesis",1,27,0,3,0.0017876059322033898,0.021878142546155277,0.24987620632681784,1,6,4.3497172683775554E-4,9606,Homo sapiens,"MAL","",,,"R-HSA-947499"
R-HSA-425393,"Transport of inorganic cations/anions and amino acids/oligopeptides",2,167,0,145,0.01105667372881356,0.023018066917566027,0.24987620632681784,3,75,0.005437146585471945,9606,Homo sapiens,"SLC7A5;MAL","",,,"R-HSA-1614546;R-HSA-352232;R-HSA-372843"
R-HSA-879415,"Advanced glycosylation endproduct receptor signaling",0,16,1,19,0.001059322033898305,0.024860219074452683,0.24987620632681784,1,4,2.899811512251704E-4,9606,Homo sapiens,"","",MAL,Q15109,"R-HSA-879411"
R-HSA-8964315,"G beta:gamma signalling through BTK",0,19,1,17,0.0012579449152542372,0.02634804649039968,0.24987620632681784,2,3,2.1748586341887777E-4,9606,Homo sapiens,"","",MAL,Q06187,"R-HSA-8964317;R-HSA-8964241"
R-HSA-428643,"Organic anion transporters",1,25,0,10,0.0016551906779661016,0.02634804649039968,0.24987620632681784,2,9,6.524575902566333E-4,9606,Homo sapiens,"MAL","",,,"R-HSA-1614546;R-HSA-372843"
R-HSA-5603041,"IRAK4 deficiency (TLR2/4)",1,27,1,11,0.0017876059322033898,0.027091158747232447,0.24987620632681784,2,2,1.449905756125852E-4,9606,Homo sapiens,"MAL","P58753",MAL,Q9NWZ3,"R-HSA-5602353;R-HSA-5602672"
R-HSA-1614517,"Sulfide oxidation to sulfate",1,22,0,14,0.0014565677966101695,0.027091158747232447,0.24987620632681784,1,6,4.3497172683775554E-4,9606,Homo sapiens,"MAL","",,,"R-HSA-1614546"
R-HSA-162710,"Synthesis of glycosylphosphatidylinositol (GPI)",1,37,0,4,0.0024496822033898305,0.030798719903182503,0.24987620632681784,1,11,7.974481658692185E-4,9606,Homo sapiens,"PIGG","",,,"R-HSA-162742"
R-HSA-5602498,"MyD88 deficiency (TLR2/4)",1,26,1,24,0.0017213983050847457,0.03449298040638027,0.24987620632681784,2,2,1.449905756125852E-4,9606,Homo sapiens,"MAL","P58753",MAL,Q99836,"R-HSA-5602383;R-HSA-5602606"
R-HSA-3134963,"DEx/H-box helicases activate type I IFN and inflammatory cytokines production ",0,7,1,43,4.634533898305085E-4,0.03596697045207298,0.24987620632681784,1,5,3.6247643903146296E-4,9606,Homo sapiens,"","",MAL,Q99836,"R-HSA-3134953"
R-HSA-71240,"Tryptophan catabolism",1,48,0,4,0.0031779661016949155,0.038908599137003175,0.24987620632681784,1,16,0.0011599246049006815,9606,Homo sapiens,"SLC7A5","",,,"R-HSA-352232"
R-HSA-71403,"Citric acid cycle (TCA cycle)",1,50,0,3,0.0033103813559322032,0.03964268517837388,0.24987620632681784,6,17,0.001232419892706974,9606,Homo sapiens,"MAL","",,,"R-HSA-70979;R-HSA-9012349;R-HSA-9012268;R-HSA-71783;R-HSA-70982;R-HSA-451033"
R-HSA-174048,"APC/C:Cdc20 mediated degradation of Cyclin B",0,24,1,32,0.0015889830508474577,0.041109274397532536,0.24987620632681784,1,3,2.1748586341887777E-4,9606,Homo sapiens,"","",MAL,P06493,"R-HSA-174157"
R-HSA-5686938,"Regulation of TLR by endogenous ligand",0,36,1,25,0.0023834745762711866,0.04476653065817915,0.24987620632681784,4,12,8.699434536755111E-4,9606,Homo sapiens,"","",MT2A,P09429,"R-HSA-6804100;R-HSA-6804099;R-HSA-6805981;R-HSA-5432825"
R-HSA-877300,"Interferon gamma signaling",2,250,0,230,0.016551906779661018,0.04861386078835639,0.24987620632681784,2,16,0.0011599246049006815,9606,Homo sapiens,"MT2A","",,,"R-HSA-1031716;R-HSA-1031713"
R-HSA-70263,"Gluconeogenesis",1,66,0,15,0.004369703389830508,0.059984126420954076,0.24987620632681784,5,26,0.0018848774829636073,9606,Homo sapiens,"MAL","",,,"R-HSA-376851;R-HSA-71783;R-HSA-198440;R-HSA-372843;R-HSA-198508"
R-HSA-8963901,"Chylomicron remodeling",0,17,1,66,0.0011255296610169492,0.06070305160875067,0.24987620632681784,1,3,2.1748586341887777E-4,9606,Homo sapiens,"","",MT2A,P02649,"R-HSA-174739"
R-HSA-5669034,"TNFs bind their physiological receptors",0,30,1,61,0.001986228813559322,0.06357358070300156,0.24987620632681784,1,13,9.424387414818037E-4,9606,Homo sapiens,"","",MAL,Q92838,"R-HSA-5669012"
R-HSA-1362300,"Transcription of E2F targets under negative control by p107 (RBL1) and p130 (RBL2) in complex with HDAC1",0,20,1,79,0.0013241525423728813,0.0657210570509712,0.24987620632681784,1,8,5.799623024503408E-4,9606,Homo sapiens,"","",MAL,P06493,"R-HSA-8961934"
R-HSA-190704,"Oligomerization of connexins into connexons",0,3,1,91,1.9862288135593222E-4,0.06786389772604817,0.24987620632681784,2,3,2.1748586341887777E-4,9606,Homo sapiens,"","",MAL,P08034,"R-HSA-190681;R-HSA-190687"
R-HSA-5620971,"Pyroptosis",0,34,1,60,0.0022510593220338984,0.06786389772604817,0.24987620632681784,1,23,0.0016673916195447296,9606,Homo sapiens,"","",MT2A,P09429,"R-HSA-6805981"
R-HSA-8964058,"HDL remodeling",0,24,1,73,0.0015889830508474577,0.06857714942375082,0.24987620632681784,1,13,9.424387414818037E-4,9606,Homo sapiens,"","",MT2A,P02649,"R-HSA-266303"
R-HSA-1839117,"Signaling by cytosolic FGFR1 fusion mutants",0,23,2,76,0.0015227754237288136,0.07071382379385815,0.24987620632681784,2,14,0.0010149340292880964,9606,Homo sapiens,"","",MAL;MAL,P27986,"R-HSA-1839114;R-HSA-1839078"
R-HSA-5654710,"PI-3K cascade:FGFR3",0,24,2,76,0.0015889830508474577,0.0714250228316643,0.24987620632681784,1,7,5.074670146440482E-4,9606,Homo sapiens,"","",MAL;MAL,P27986,"R-HSA-177931"
R-HSA-5654720,"PI-3K cascade:FGFR4",0,25,2,76,0.0016551906779661016,0.07213570957052906,0.24987620632681784,1,7,5.074670146440482E-4,9606,Homo sapiens,"","",MAL;MAL,P27986,"R-HSA-177931"
R-HSA-210991,"Basigin interactions",1,26,0,74,0.0017213983050847457,0.07213570957052906,0.24987620632681784,1,10,7.249528780629259E-4,9606,Homo sapiens,"SLC7A5","",,,"R-HSA-375131"
R-HSA-110056,"MAPK3 (ERK1) activation",0,13,1,88,8.606991525423729E-4,0.07284588435642902,0.24987620632681784,1,4,2.899811512251704E-4,9606,Homo sapiens,"","",MAL,P06493,"R-HSA-112342"
R-HSA-5654689,"PI-3K cascade:FGFR1",0,28,2,76,0.001853813559322034,0.07426469945215153,0.24987620632681784,1,7,5.074670146440482E-4,9606,Homo sapiens,"","",MAL;MAL,P27986,"R-HSA-177931"
R-HSA-174184,"Cdc20:Phospho-APC/C mediated degradation of Cyclin A",0,73,1,32,0.004833156779661017,0.07638909108537528,0.24987620632681784,1,3,2.1748586341887777E-4,9606,Homo sapiens,"","",MAL,P06493,"R-HSA-174255"
R-HSA-8948747,"Regulation of PTEN localization",0,10,1,97,6.620762711864406E-4,0.07638909108537528,0.24987620632681784,1,4,2.899811512251704E-4,9606,Homo sapiens,"","",MAL,Q93009,"R-HSA-6807118"
R-HSA-5654695,"PI-3K cascade:FGFR2",0,31,2,76,0.0020524364406779663,0.07638909108537528,0.24987620632681784,1,7,5.074670146440482E-4,9606,Homo sapiens,"","",MAL;MAL,P27986,"R-HSA-177931"
R-HSA-69273,"Cyclin A/B1/B2 associated events during G2/M transition",0,32,1,83,0.00211864406779661,0.0770962014067883,0.24987620632681784,2,25,0.0018123821951573148,9606,Homo sapiens,"","",MAL,P06493,"R-HSA-170084;R-HSA-170057"
R-HSA-70268,"Pyruvate metabolism",1,57,0,53,0.003773834745762712,0.07850889378216541,0.24987620632681784,1,15,0.001087429317094389,9606,Homo sapiens,"MAL","",,,"R-HSA-9012036"
R-HSA-416482,"G alpha (12/13) signalling events",0,86,1,29,0.005693855932203389,0.08203172587627305,0.24987620632681784,2,15,0.001087429317094389,9606,Homo sapiens,"","",MAL,Q06187,"R-HSA-8964333;R-HSA-8964274"
R-HSA-1234176,"Oxygen-dependent proline hydroxylation of Hypoxia-inducible Factor Alpha",1,72,0,50,0.004766949152542373,0.08273476952630021,0.24987620632681784,6,12,8.699434536755111E-4,9606,Homo sapiens,"AJUBA","",,,"R-HSA-1234163;R-HSA-1234179;R-HSA-1234177;R-HSA-1234183;R-HSA-1234159;R-HSA-1234173"
R-HSA-179419,"APC:Cdc20 mediated degradation of cell cycle proteins prior to satisfation of the cell cycle checkpoint",0,74,1,43,0.004899364406779661,0.08273476952630021,0.24987620632681784,1,6,4.3497172683775554E-4,9606,Homo sapiens,"","",MAL,P06493,"R-HSA-174255"
R-HSA-1839124,"FGFR1 mutant receptor activation",0,39,2,80,0.0025820974576271187,0.08413933680060959,0.24987620632681784,2,25,0.0018123821951573148,9606,Homo sapiens,"","",MAL;MAL,P27986,"R-HSA-1839114;R-HSA-1839078"
R-HSA-176409,"APC/C:Cdc20 mediated degradation of mitotic proteins",0,76,1,48,0.005031779661016949,0.08694240082874582,0.24987620632681784,2,13,9.424387414818037E-4,9606,Homo sapiens,"","",MAL,P06493,"R-HSA-174255;R-HSA-174157"
R-HSA-163125,"Post-translational modification: synthesis of GPI-anchored proteins",1,116,0,5,0.007680084745762712,0.08834090305052655,0.24987620632681784,1,16,0.0011599246049006815,9606,Homo sapiens,"PIGG","",,,"R-HSA-162742"
R-HSA-75105,"Fatty acyl-CoA biosynthesis",1,81,0,43,0.005362817796610169,0.08973738905033235,0.24987620632681784,1,24,0.0017398869073510222,9606,Homo sapiens,"MAL","",,,"R-HSA-75849"
R-HSA-190861,"Gap junction assembly",0,41,1,91,0.002714512711864407,0.09321980095543247,0.24987620632681784,3,16,0.0011599246049006815,9606,Homo sapiens,"","",MAL,P08034,"R-HSA-190693;R-HSA-190681;R-HSA-190687"
R-HSA-2424491,"DAP12 signaling",0,36,1,101,0.0023834745762711866,0.09599669829564406,0.24987620632681784,1,17,0.001232419892706974,9606,Homo sapiens,"","",MAL,Q06187,"R-HSA-2424481"
R-HSA-1614558,"Degradation of cysteine and homocysteine",1,52,0,92,0.0034427966101694915,0.1035919547202312,0.24987620632681784,1,23,0.0016673916195447296,9606,Homo sapiens,"MAL","",,,"R-HSA-1614546"
R-HSA-975634,"Retinoid metabolism and transport",0,79,1,72,0.005230402542372881,0.10565294066455722,0.24987620632681784,2,28,0.0020298680585761927,9606,Homo sapiens,"","",MT2A,P02649,"R-HSA-2423785;R-HSA-2429643"
R-HSA-5655302,"Signaling by FGFR1 in disease",0,49,2,105,0.0032441737288135594,0.1070244527332167,0.24987620632681784,2,35,0.0025373350732202406,9606,Homo sapiens,"","",MAL;MAL,P27986,"R-HSA-1839114;R-HSA-1839078"
R-HSA-190828,"Gap junction trafficking",0,52,1,104,0.0034427966101694915,0.1083939850834319,0.24987620632681784,3,20,0.0014499057561258518,9606,Homo sapiens,"","",MAL,P08034,"R-HSA-190693;R-HSA-190681;R-HSA-190687"
R-HSA-430116,"GP1b-IX-V activation signalling",0,12,2,141,7.944915254237289E-4,0.10907800970152992,0.24987620632681784,1,7,5.074670146440482E-4,9606,Homo sapiens,"","",MAL;MAL,P27986,"R-HSA-443402"
R-HSA-70326,"Glucose metabolism",1,140,0,19,0.009269067796610169,0.11249073059927883,0.24987620632681784,5,50,0.0036247643903146295,9606,Homo sapiens,"MAL","",,,"R-HSA-376851;R-HSA-71783;R-HSA-198440;R-HSA-372843;R-HSA-198508"
R-HSA-112409,"RAF-independent MAPK1/3 activation",0,28,1,137,0.001853813559322034,0.11249073059927883,0.24987620632681784,1,12,8.699434536755111E-4,9606,Homo sapiens,"","",MAL,P06493,"R-HSA-112342"
R-HSA-6803205,"TP53 regulates transcription of several additional cell death genes whose specific roles in p53-dependent apoptosis remain uncertain",0,28,1,133,0.001853813559322034,0.11249073059927883,0.24987620632681784,1,19,0.0013774104683195593,9606,Homo sapiens,"","",MAL,Q96FX8,"R-HSA-6800816"
R-HSA-71406,"Pyruvate metabolism and Citric Acid (TCA) cycle",1,100,0,60,0.0066207627118644065,0.11317179667799093,0.24987620632681784,7,36,0.0026098303610265334,9606,Homo sapiens,"MAL","",,,"R-HSA-70979;R-HSA-9012349;R-HSA-9012268;R-HSA-71783;R-HSA-70982;R-HSA-9012036;R-HSA-451033"
R-HSA-157858,"Gap junction trafficking and regulation",0,57,1,113,0.003773834745762712,0.11589114510265186,0.24987620632681784,3,24,0.0017398869073510222,9606,Homo sapiens,"","",MAL,P08034,"R-HSA-190693;R-HSA-190681;R-HSA-190687"
R-HSA-2172127,"DAP12 interactions",0,53,1,123,0.003509004237288136,0.11792550405189528,0.24987620632681784,1,33,0.0023923444976076554,9606,Homo sapiens,"","",MAL,Q06187,"R-HSA-2424481"
R-HSA-264642,"Acetylcholine Neurotransmitter Release Cycle",0,26,1,142,0.0017213983050847457,0.11860264406982102,0.24987620632681784,1,6,4.3497172683775554E-4,9606,Homo sapiens,"","",MAL,Q16623,"R-HSA-372505"
R-HSA-181429,"Serotonin Neurotransmitter Release Cycle",0,23,1,148,0.0015227754237288136,0.12063112987114921,0.24987620632681784,1,4,2.899811512251704E-4,9606,Homo sapiens,"","",MAL,Q16623,"R-HSA-380905"
R-HSA-181430,"Norepinephrine Neurotransmitter Release Cycle",0,30,1,148,0.001986228813559322,0.1253471894018109,0.24987620632681784,1,6,4.3497172683775554E-4,9606,Homo sapiens,"","",MAL,Q16623,"R-HSA-374922"
R-HSA-352230,"Amino acid transport across the plasma membrane",1,69,0,106,0.004568326271186441,0.1253471894018109,0.24987620632681784,1,36,0.0026098303610265334,9606,Homo sapiens,"SLC7A5","",,,"R-HSA-352232"
R-HSA-69205,"G1/S-Specific Transcription",0,43,1,143,0.0028469279661016947,0.12937056946632297,0.24987620632681784,1,28,0.0020298680585761927,9606,Homo sapiens,"","",MAL,P06493,"R-HSA-8961934"
R-HSA-1226099,"Signaling by FGFR in disease",0,82,2,111,0.005429025423728814,0.13070782076891807,0.24987620632681784,2,99,0.007177033492822967,9606,Homo sapiens,"","",MAL;MAL,P27986,"R-HSA-1839114;R-HSA-1839078"
R-HSA-212676,"Dopamine Neurotransmitter Release Cycle",0,28,1,162,0.001853813559322034,0.13271007357290465,0.24987620632681784,1,5,3.6247643903146296E-4,9606,Homo sapiens,"","",MAL,Q16623,"R-HSA-380574"
R-HSA-114608,"Platelet degranulation ",1,141,0,46,0.009335275423728813,0.13271007357290465,0.24987620632681784,1,11,7.974481658692185E-4,9606,Homo sapiens,"TOR4A","",,,"R-HSA-481007"
R-HSA-8963899,"Plasma lipoprotein remodeling",0,56,1,137,0.003707627118644068,0.13271007357290465,0.24987620632681784,2,31,0.0022473539219950702,9606,Homo sapiens,"","",MT2A,P02649,"R-HSA-174739;R-HSA-266303"
R-HSA-210500,"Glutamate Neurotransmitter Release Cycle",0,32,1,158,0.00211864406779661,0.13337652604435868,0.24987620632681784,1,8,5.799623024503408E-4,9606,Homo sapiens,"","",MAL,Q16623,"R-HSA-210426"
R-HSA-5260271,"Diseases of Immune System",1,42,1,163,0.002780720338983051,0.1367015646405787,0.24987620632681784,5,15,0.001087429317094389,9606,Homo sapiens,"MAL","P58753",MAL,Q9NWZ3;Q99836,"R-HSA-5602353;R-HSA-5602672;R-HSA-5602383;R-HSA-5602606;R-HSA-5602472"
R-HSA-5602358,"Diseases associated with the TLR signaling cascade",1,42,1,163,0.002780720338983051,0.1367015646405787,0.24987620632681784,5,15,0.001087429317094389,9606,Homo sapiens,"MAL","P58753",MAL,Q9NWZ3;Q99836,"R-HSA-5602353;R-HSA-5602672;R-HSA-5602383;R-HSA-5602606;R-HSA-5602472"
R-HSA-1614635,"Sulfur amino acid metabolism",1,92,0,103,0.0060911016949152545,0.1367015646405787,0.24987620632681784,1,37,0.0026823256488328257,9606,Homo sapiens,"MAL","",,,"R-HSA-1614546"
R-HSA-176814,"Activation of APC/C and APC/C:Cdc20 mediated degradation of mitotic proteins",0,77,1,122,0.0050979872881355935,0.1373651298926819,0.24987620632681784,2,15,0.001087429317094389,9606,Homo sapiens,"","",MAL,P06493,"R-HSA-174255;R-HSA-174157"
R-HSA-5668599,"RHO GTPases Activate NADPH Oxidases",0,38,1,157,0.0025158898305084744,0.13869082053753978,0.24987620632681784,1,14,0.0010149340292880964,9606,Homo sapiens,"","",AJUBA,Q13526,"R-HSA-9626816"
R-HSA-5663220,"RHO GTPases Activate Formins",1,149,1,55,0.009864936440677966,0.14001459353965007,0.24987620632681784,7,27,0.0019573727707699,9606,Homo sapiens,"MAL","Q969V6",MAL,P11831,"R-HSA-5666001;R-HSA-5666049;R-HSA-5665982;R-HSA-5665998;R-HSA-5666046;R-HSA-5665999;R-HSA-5666008"
R-HSA-6804760,"Regulation of TP53 Activity through Methylation",0,23,1,178,0.0015227754237288136,0.14001459353965007,0.24987620632681784,1,12,8.699434536755111E-4,9606,Homo sapiens,"","",AJUBA,O14744,"R-HSA-6804379"
R-HSA-159418,"Recycling of bile acids and salts",0,39,1,168,0.0025820974576271187,0.14331565341743624,0.24987620632681784,1,17,0.001232419892706974,9606,Homo sapiens,"","",MAL,Q14973,"R-HSA-194121"
R-HSA-9703465,"Signaling by FLT3 fusion proteins",0,32,2,176,0.00211864406779661,0.14331565341743624,0.24987620632681784,1,18,0.0013049151805132667,9606,Homo sapiens,"","",MAL;MAL,P27986,"R-HSA-9703439"
R-HSA-983695,"Antigen activates B Cell Receptor (BCR) leading to generation of second messengers",0,103,1,106,0.006819385593220339,0.1439744326808564,0.24987620632681784,1,25,0.0018123821951573148,9606,Homo sapiens,"","",MAL,Q06187,"R-HSA-9606151"
R-HSA-379726,"Mitochondrial tRNA aminoacylation",0,47,1,160,0.003111758474576271,0.1466047848211901,0.24987620632681784,1,21,0.0015224010439321444,9606,Homo sapiens,"","",AJUBA,O95363,"R-HSA-380203"
R-HSA-8854691,"Interleukin-20 family signaling",0,29,1,189,0.001920021186440678,0.14726118324418314,0.24987620632681784,1,56,0.0040597361171523854,9606,Homo sapiens,"","",MAL,Q6UXL0,"R-HSA-448744"
R-HSA-397795,"G-protein beta:gamma signalling",0,39,1,177,0.0025820974576271187,0.14922752860877087,0.24987620632681784,2,15,0.001087429317094389,9606,Homo sapiens,"","",MAL,Q06187,"R-HSA-8964317;R-HSA-8964241"
R-HSA-6804114,"TP53 Regulates Transcription of Genes Involved in G2 Cell Cycle Arrest",0,21,1,197,0.0013903601694915254,0.1505360538209486,0.24987620632681784,2,11,7.974481658692185E-4,9606,Homo sapiens,"","",AJUBA,P31947,"R-HSA-6803890;R-HSA-6803871"
R-HSA-425407,"SLC-mediated transmembrane transport",2,420,0,512,0.027807203389830507,0.15183974287186974,0.24987620632681784,3,191,0.013846599971001884,9606,Homo sapiens,"SLC7A5;MAL","",,,"R-HSA-1614546;R-HSA-352232;R-HSA-372843"
R-HSA-1234174,"Cellular response to hypoxia",1,86,0,145,0.005693855932203389,0.1518426846792036,0.24987620632681784,6,20,0.0014499057561258518,9606,Homo sapiens,"AJUBA","",,,"R-HSA-1234163;R-HSA-1234179;R-HSA-1234177;R-HSA-1234183;R-HSA-1234159;R-HSA-1234173"
R-HSA-71291,"Metabolism of amino acids and derivatives",2,666,0,267,0.04409427966101695,0.15344140256087746,0.24987620632681784,2,285,0.02066115702479339,9606,Homo sapiens,"SLC7A5;MAL","",,,"R-HSA-1614546;R-HSA-352232"
R-HSA-6809371,"Formation of the cornified envelope",0,138,1,100,0.009136652542372881,0.15964283216069863,0.24987620632681784,1,27,0.0019573727707699,9606,Homo sapiens,"","",MAL,Q96FX8,"R-HSA-6814695"
R-HSA-379724,"tRNA Aminoacylation",0,68,1,169,0.004502118644067797,0.16480536786991806,0.24987620632681784,1,42,0.003044802087864289,9606,Homo sapiens,"","",AJUBA,O95363,"R-HSA-380203"
R-HSA-9634638,"Estrogen-dependent nuclear events downstream of ESR-membrane signaling",0,29,1,217,0.001920021186440678,0.16673361175231471,0.24987620632681784,1,12,8.699434536755111E-4,9606,Homo sapiens,"","",MAL,P11831,"R-HSA-9625479"
R-HSA-6806667,"Metabolism of fat-soluble vitamins",0,89,1,165,0.005892478813559322,0.17249323451313792,0.24987620632681784,2,34,0.002464839785413948,9606,Homo sapiens,"","",MT2A,P02649,"R-HSA-2423785;R-HSA-2429643"
R-HSA-888590,"GABA synthesis, release, reuptake and degradation",0,37,1,215,0.0024496822033898305,0.1731308745421175,0.24987620632681784,1,10,7.249528780629259E-4,9606,Homo sapiens,"","",MAL,Q16623,"R-HSA-917744"
R-HSA-6811555,"PI5P Regulates TP53 Acetylation",0,17,1,233,0.0011255296610169492,0.17376805211517987,0.24987620632681784,1,8,5.799623024503408E-4,9606,Homo sapiens,"","",AJUBA,Q13526,"R-HSA-8877692"
R-HSA-76005,"Response to elevated platelet cytosolic Ca2+",1,148,0,108,0.009798728813559322,0.17631214413432972,0.24987620632681784,1,14,0.0010149340292880964,9606,Homo sapiens,"TOR4A","",,,"R-HSA-481007"
R-HSA-5668541,"TNFR2 non-canonical NF-kB pathway",0,104,1,169,0.006885593220338983,0.17631214413432972,0.24987620632681784,1,43,0.0031172973756705812,9606,Homo sapiens,"","",MAL,Q92838,"R-HSA-5669012"
R-HSA-5654708,"Downstream signaling of activated FGFR3",0,35,2,229,0.0023172669491525423,0.17884886197916694,0.24987620632681784,1,23,0.0016673916195447296,9606,Homo sapiens,"","",MAL;MAL,P27986,"R-HSA-177931"
R-HSA-5654716,"Downstream signaling of activated FGFR4",0,36,2,229,0.0023834745762711866,0.17948189157544536,0.24987620632681784,1,23,0.0016673916195447296,9606,Homo sapiens,"","",MAL;MAL,P27986,"R-HSA-177931"
R-HSA-9707616,"Heme signaling",0,70,1,207,0.0046345338983050845,0.18137822569182593,0.24987620632681784,1,25,0.0018123821951573148,9606,Homo sapiens,"","",MAL,O00206,"R-HSA-9707659"
R-HSA-5654696,"Downstream signaling of activated FGFR2",0,42,2,229,0.002780720338983051,0.182640155997847,0.24987620632681784,1,23,0.0016673916195447296,9606,Homo sapiens,"","",MAL;MAL,P27986,"R-HSA-177931"
R-HSA-5654687,"Downstream signaling of activated FGFR1",0,42,2,229,0.002780720338983051,0.18327043435499224,0.24987620632681784,1,24,0.0017398869073510222,9606,Homo sapiens,"","",MAL;MAL,P27986,"R-HSA-177931"
R-HSA-844456,"The NLRP3 inflammasome",0,24,1,264,0.0015889830508474577,0.1932928862633937,0.24987620632681784,1,18,0.0013049151805132667,9606,Homo sapiens,"","",MAL,P29466,"R-HSA-844612"
R-HSA-8874211,"CREB3 factors activate genes",0,9,1,279,5.958686440677966E-4,0.19640108715953342,0.24987620632681784,4,21,0.0015224010439321444,9606,Homo sapiens,"","",MAL,Q96BA8,"R-HSA-8874212;R-HSA-8874194;R-HSA-8874193;R-HSA-8874184"
R-HSA-622312,"Inflammasomes",0,34,1,266,0.0022510593220338984,0.1976412086931576,0.24987620632681784,3,28,0.0020298680585761927,9606,Homo sapiens,"","",MAL,P29466,"R-HSA-844617;R-HSA-844618;R-HSA-844612"
R-HSA-913531,"Interferon Signaling",2,395,2,741,0.026152012711864406,0.19790363675892342,0.24987620632681784,4,71,0.005147165434246774,9606,Homo sapiens,"MT2A","ENSG00000125148;P02795",AJUBA;MAL,Q9Y3Z3;Q13526,"R-HSA-936462;R-HSA-1015702;R-HSA-1031716;R-HSA-1031713"
R-HSA-6803207,"TP53 Regulates Transcription of Caspase Activators and Caspases",0,20,1,276,0.0013241525423728813,0.1988795288703734,0.24987620632681784,1,17,0.001232419892706974,9606,Homo sapiens,"","",MAL,P29466,"R-HSA-6798081"
R-HSA-6804758,"Regulation of TP53 Activity through Acetylation",0,39,1,256,0.0025820974576271187,0.19949801421709634,0.24987620632681784,1,14,0.0010149340292880964,9606,Homo sapiens,"","",AJUBA,Q13526,"R-HSA-8877692"
R-HSA-2187338,"Visual phototransduction",0,169,1,134,0.011189088983050847,0.2038148450338213,0.24987620632681784,2,92,0.006669566478178918,9606,Homo sapiens,"","",MT2A,P02649,"R-HSA-2423785;R-HSA-2429643"
R-HSA-9664424,"Cell recruitment (pro-inflammatory response)",0,54,1,258,0.0035752118644067797,0.20688487109306197,0.24987620632681784,2,23,0.0016673916195447296,9606,Homo sapiens,"","",MAL,P29466,"R-HSA-448678;R-HSA-844612"
R-HSA-9660826,"Purinergic signaling in leishmaniasis infection",0,54,1,258,0.0035752118644067797,0.20688487109306197,0.24987620632681784,2,23,0.0016673916195447296,9606,Homo sapiens,"","",MAL,P29466,"R-HSA-448678;R-HSA-844612"
R-HSA-6805567,"Keratinization",0,226,1,100,0.01496292372881356,0.21299152925476328,0.24987620632681784,1,34,0.002464839785413948,9606,Homo sapiens,"","",MAL,Q96FX8,"R-HSA-6814695"
R-HSA-449836,"Other interleukin signaling",0,24,1,299,0.0015889830508474577,0.2135997550736839,0.24987620632681784,1,17,0.001232419892706974,9606,Homo sapiens,"","",MAL,Q16623,"R-HSA-449117"
R-HSA-453276,"Regulation of mitotic cell cycle",0,92,1,246,0.0060911016949152545,0.21420753846613372,0.24987620632681784,2,40,0.0028998115122517037,9606,Homo sapiens,"","",MAL,P06493,"R-HSA-174255;R-HSA-174157"
R-HSA-174143,"APC/C-mediated degradation of cell cycle proteins",0,92,1,246,0.0060911016949152545,0.21420753846613372,0.24987620632681784,2,40,0.0028998115122517037,9606,Homo sapiens,"","",MAL,P06493,"R-HSA-174255;R-HSA-174157"
R-HSA-1538133,"G0 and Early G1",0,38,1,298,0.0025158898305084744,0.21481487973383584,0.24987620632681784,1,27,0.0019573727707699,9606,Homo sapiens,"","",MAL,P06493,"R-HSA-8961934"
R-HSA-936440,"Negative regulators of DDX58/IFIH1 signaling",0,37,1,299,0.0024496822033898305,0.22146653954595918,0.24987620632681784,2,13,9.424387414818037E-4,9606,Homo sapiens,"","",AJUBA,Q13526,"R-HSA-936462;R-HSA-936380"
R-HSA-1169408,"ISG15 antiviral mechanism",0,83,1,260,0.005495233050847458,0.2262707600077437,0.24987620632681784,1,16,0.0011599246049006815,9606,Homo sapiens,"","",AJUBA,Q13526,"R-HSA-936462"
R-HSA-174824,"Plasma lipoprotein assembly, remodeling, and clearance",0,102,1,249,0.006753177966101695,0.2262707600077437,0.24987620632681784,2,85,0.00616209946353487,9606,Homo sapiens,"","",MT2A,P02649,"R-HSA-174739;R-HSA-266303"
R-HSA-196849,"Metabolism of water-soluble vitamins and cofactors",1,258,0,85,0.01708156779661017,0.22746744785425066,0.24987620632681784,1,142,0.010294330868493549,9606,Homo sapiens,"MAL","",,,"R-HSA-947499"
R-HSA-9029569,"NR1H3 & NR1H2 regulate gene expression linked to cholesterol transport and efflux",0,66,1,284,0.004369703389830508,0.23045155080398116,0.24987620632681784,1,40,0.0028998115122517037,9606,Homo sapiens,"","",MT2A,P02649,"R-HSA-9031512"
R-HSA-112310,"Neurotransmitter release cycle",0,100,1,248,0.0066207627118644065,0.23164215155332601,0.24987620632681784,6,37,0.0026823256488328257,9606,Homo sapiens,"","",MAL,Q16623,"R-HSA-210426;R-HSA-380574;R-HSA-372505;R-HSA-380905;R-HSA-917744;R-HSA-374922"
R-HSA-5689896,"Ovarian tumor domain proteases",0,44,1,323,0.002913135593220339,0.23933889991582313,0.24987620632681784,1,14,0.0010149340292880964,9606,Homo sapiens,"","",MAL,P06493,"R-HSA-8940100"
R-HSA-1236974,"ER-Phagosome pathway",1,173,0,195,0.011453919491525424,0.2405165544967124,0.24987620632681784,1,10,7.249528780629259E-4,9606,Homo sapiens,"MAL","",,,"R-HSA-8863895"
R-HSA-194068,"Bile acid and bile salt metabolism",0,125,1,242,0.008275953389830509,0.24286671755304323,0.24987620632681784,1,99,0.007177033492822967,9606,Homo sapiens,"","",MAL,Q14973,"R-HSA-194121"
R-HSA-9020702,"Interleukin-1 signaling",0,110,1,297,0.007282838983050847,0.24345318792074921,0.24987620632681784,6,47,0.003407278526895752,9606,Homo sapiens,"","",MAL,Q9NWZ3;O43187;P51617,"R-HSA-446692;R-HSA-446894;R-HSA-8948066;R-HSA-446684;R-HSA-446648;R-HSA-451561"
R-HSA-3214858,"RMTs methylate histone arginines",0,55,1,324,0.0036414194915254236,0.2440392307150716,0.24987620632681784,2,22,0.001594896331738437,9606,Homo sapiens,"","",AJUBA,O14744,"R-HSA-3215391;R-HSA-3215406"
R-HSA-2565942,"Regulation of PLK1 Activity at G2/M Transition",1,92,0,282,0.0060911016949152545,0.24521003475241532,0.24987620632681784,2,12,8.699434536755111E-4,9606,Homo sapiens,"AJUBA","",,,"R-HSA-2574845;R-HSA-2574840"
R-HSA-983705,"Signaling by the B Cell Receptor (BCR)",0,189,1,203,0.012513241525423728,0.24987620632681784,0.24987620632681784,1,44,0.003189792663476874,9606,Homo sapiens,"","",MAL,Q06187,"R-HSA-9606151"
R-HSA-9031628,"NGF-stimulated transcription",0,56,1,336,0.003707627118644068,0.2533580033571262,0.2533580033571262,4,37,0.0026823256488328257,9606,Homo sapiens,"","",MAL,P11831,"R-HSA-9612514;R-HSA-9031610;R-HSA-9612076;R-HSA-9612509"
R-HSA-1236975,"Antigen processing-Cross presentation",1,195,0,195,0.012910487288135594,0.2533580033571262,0.2533580033571262,1,23,0.0016673916195447296,9606,Homo sapiens,"MAL","",,,"R-HSA-8863895"
R-HSA-6804757,"Regulation of TP53 Degradation",0,43,1,355,0.0028469279661016947,0.25740087457145566,0.25740087457145566,3,30,0.002174858634188778,9606,Homo sapiens,"","",MAL,Q93009,"R-HSA-3222072;R-HSA-3215295;R-HSA-3215310"
R-HSA-5654743,"Signaling by FGFR4",0,51,2,352,0.0033765889830508476,0.25912721874045896,0.25912721874045896,1,41,0.002972306800057996,9606,Homo sapiens,"","",MAL;MAL,P27986,"R-HSA-177931"
R-HSA-5654741,"Signaling by FGFR3",0,53,2,353,0.003509004237288136,0.26084978518048263,0.26084978518048263,1,43,0.0031172973756705812,9606,Homo sapiens,"","",MAL;MAL,P27986,"R-HSA-177931"
R-HSA-1834949,"Cytosolic sensors of pathogen-associated DNA ",0,78,1,344,0.005164194915254237,0.2665644891252156,0.2665644891252156,1,50,0.0036247643903146295,9606,Homo sapiens,"","",MAL,Q99836,"R-HSA-3134953"
R-HSA-1169410,"Antiviral mechanism by IFN-stimulated genes",0,94,1,322,0.006223516949152542,0.26713366665927185,0.26713366665927185,1,31,0.0022473539219950702,9606,Homo sapiens,"","",AJUBA,Q13526,"R-HSA-936462"
R-HSA-5654736,"Signaling by FGFR1",0,62,2,355,0.0041048728813559325,0.26713366665927185,0.26713366665927185,1,48,0.0034797738147020443,9606,Homo sapiens,"","",MAL;MAL,P27986,"R-HSA-177931"
R-HSA-6791312,"TP53 Regulates Transcription of Cell Cycle Genes",0,65,1,368,0.004303495762711864,0.2705400112287274,0.2705400112287274,2,42,0.003044802087864289,9606,Homo sapiens,"","",AJUBA,P31947,"R-HSA-6803890;R-HSA-6803871"
R-HSA-373752,"Netrin-1 signaling",1,59,0,376,0.00390625,0.2773080454729342,0.2773080454729342,1,37,0.0026823256488328257,9606,Homo sapiens,"RGMA","",,,"R-HSA-374692"
R-HSA-198725,"Nuclear Events (kinase and transcription factor activation)",0,80,1,360,0.005296610169491525,0.2795508921499402,0.2795508921499402,4,48,0.0034797738147020443,9606,Homo sapiens,"","",MAL,P11831,"R-HSA-9612514;R-HSA-9031610;R-HSA-9612076;R-HSA-9612509"
R-HSA-8953897,"Cellular responses to stimuli",4,1019,2,2803,0.0674655720338983,0.285666389999675,0.285666389999675,18,475,0.03443526170798898,9606,Homo sapiens,"MT2A;MT1G;MT1X;AJUBA","Q96IF1;P80297;P13640;P02795",MAL;MAL,O00206;Q96BA8,"R-HSA-5662615;R-HSA-1234163;R-HSA-8874212;R-HSA-5662608;R-HSA-5662622;R-HSA-5662618;R-HSA-5662617;R-HSA-8874184;R-HSA-1234173;R-HSA-5662598;R-HSA-1234179;R-HSA-1234177;R-HSA-8874194;R-HSA-1234183;R-HSA-8874193;R-HSA-5662986;R-HSA-1234159;R-HSA-9707659"
R-HSA-909733,"Interferon alpha/beta signaling",0,190,1,270,0.012579449152542372,0.2890101076211782,0.2890101076211782,1,24,0.0017398869073510222,9606,Homo sapiens,"","",MAL,Q9Y3Z3,"R-HSA-1015702"
R-HSA-9616222,"Transcriptional regulation of granulopoiesis",0,71,1,395,0.004700741525423728,0.2939704820981154,0.2939704820981154,1,27,0.0019573727707699,9606,Homo sapiens,"","",AJUBA,Q99684,"R-HSA-9634446"
R-HSA-1251985,"Nuclear signaling by ERBB4",0,47,1,410,0.003111758474576271,0.2939704820981154,0.2939704820981154,1,34,0.002464839785413948,9606,Homo sapiens,"","",MT2A,P02649,"R-HSA-9612243"
R-HSA-9024446,"NR1H2 and NR1H3-mediated signaling",0,85,1,381,0.0056276483050847455,0.296712152970401,0.296712152970401,1,60,0.004349717268377556,9606,Homo sapiens,"","",MT2A,P02649,"R-HSA-9031512"
R-HSA-168643,"Nucleotide-binding domain, leucine rich repeat containing receptor (NLR) signaling pathways",0,72,1,424,0.004766949152542373,0.3021654614316087,0.3021654614316087,3,46,0.003334783239089459,9606,Homo sapiens,"","",MAL,P29466,"R-HSA-844617;R-HSA-844618;R-HSA-844612"
R-HSA-9607240,"FLT3 Signaling",0,48,2,442,0.0031779661016949155,0.30379367743299046,0.30379367743299046,2,43,0.0031172973756705812,9606,Homo sapiens,"","",MAL;MAL,P27986,"R-HSA-9706340;R-HSA-9607224"
R-HSA-9703648,"Signaling by FLT3 ITD and TKD mutants",0,30,2,450,0.001986228813559322,0.30379367743299046,0.30379367743299046,1,24,0.0017398869073510222,9606,Homo sapiens,"","",MAL;MAL,P27986,"R-HSA-9698179"
R-HSA-9009391,"Extra-nuclear estrogen signaling",0,111,1,380,0.007349046610169492,0.30487716762397865,0.30487716762397865,1,39,0.002827316224445411,9606,Homo sapiens,"","",MAL,P11831,"R-HSA-9625479"
R-HSA-9682385,"FLT3 signaling in disease",0,43,2,452,0.0028469279661016947,0.3108080514332132,0.3108080514332132,2,52,0.0037697549659272147,9606,Homo sapiens,"","",MAL;MAL,P27986,"R-HSA-9698179;R-HSA-9703439"
R-HSA-69206,"G1/S Transition",0,150,1,378,0.00993114406779661,0.3108080514332132,0.3108080514332132,1,61,0.004422212556183848,9606,Homo sapiens,"","",MAL,P06493,"R-HSA-8961934"
R-HSA-975871,"MyD88 cascade initiated on plasma membrane",0,95,1,443,0.006289724576271186,0.3182875804183759,0.3182875804183759,3,58,0.00420472669276497,9606,Homo sapiens,"","",MAL,Q9NWZ3;Q99836,"R-HSA-975866;R-HSA-975880;R-HSA-975873"
R-HSA-168142,"Toll Like Receptor 10 (TLR10) Cascade",0,95,1,447,0.006289724576271186,0.31988036572251544,0.31988036572251544,3,59,0.0042772219805712625,9606,Homo sapiens,"","",MAL,Q9NWZ3;Q99836,"R-HSA-975866;R-HSA-975880;R-HSA-975873"
R-HSA-168176,"Toll Like Receptor 5 (TLR5) Cascade",0,95,1,447,0.006289724576271186,0.32041051534877407,0.32041051534877407,3,59,0.0042772219805712625,9606,Homo sapiens,"","",MAL,Q9NWZ3;Q99836,"R-HSA-975866;R-HSA-975880;R-HSA-975873"
R-HSA-5654738,"Signaling by FGFR2",0,88,2,431,0.005826271186440678,0.32041051534877407,0.32041051534877407,1,46,0.003334783239089459,9606,Homo sapiens,"","",MAL;MAL,P27986,"R-HSA-177931"
R-HSA-9725370,"Signaling by ALK fusions and activated point mutants",0,66,2,452,0.004369703389830508,0.3246377323270867,0.3246377323270867,1,29,0.002102363346382485,9606,Homo sapiens,"","",MAL;MAL,P27986,"R-HSA-9712078"
R-HSA-9700206,"Signaling by ALK in cancer",0,66,2,452,0.004369703389830508,0.3246377323270867,0.3246377323270867,1,37,0.0026823256488328257,9606,Homo sapiens,"","",MAL;MAL,P27986,"R-HSA-9712078"
R-HSA-975155,"MyD88 dependent cascade initiated on endosome",0,103,1,452,0.006819385593220339,0.32674204854399935,0.32674204854399935,3,63,0.004567203131796433,9606,Homo sapiens,"","",MAL,Q9NWZ3;Q99836,"R-HSA-975098;R-HSA-975175;R-HSA-975156"
R-HSA-168181,"Toll Like Receptor 7/8 (TLR7/8) Cascade",0,104,1,452,0.006885593220338983,0.3272671625372232,0.3272671625372232,3,66,0.004784688995215311,9606,Homo sapiens,"","",MAL,Q9NWZ3;Q99836,"R-HSA-975098;R-HSA-975175;R-HSA-975156"
R-HSA-1428517,"The citric acid (TCA) cycle and respiratory electron transport",1,238,0,328,0.015757415254237288,0.32988695540975066,0.32988695540975066,7,67,0.004857184283021603,9606,Homo sapiens,"MAL","",,,"R-HSA-70979;R-HSA-9012349;R-HSA-9012268;R-HSA-71783;R-HSA-70982;R-HSA-9012036;R-HSA-451033"
R-HSA-5218859,"Regulated Necrosis",0,77,1,466,0.0050979872881355935,0.32988695540975066,0.32988695540975066,1,57,0.004132231404958678,9606,Homo sapiens,"","",MT2A,P09429,"R-HSA-6805981"
R-HSA-168928,"DDX58/IFIH1-mediated induction of interferon-alpha/beta",0,104,1,444,0.006885593220338983,0.3304097604203966,0.3304097604203966,2,53,0.0038422502537335075,9606,Homo sapiens,"","",AJUBA,Q13526,"R-HSA-936462;R-HSA-936380"
R-HSA-168138,"Toll Like Receptor 9 (TLR9) Cascade",0,107,1,456,0.0070842161016949155,0.33093218152724824,0.33093218152724824,3,68,0.004929679570827896,9606,Homo sapiens,"","",MAL,Q9NWZ3;Q99836,"R-HSA-975098;R-HSA-975175;R-HSA-975156"
R-HSA-190236,"Signaling by FGFR",0,107,2,434,0.0070842161016949155,0.33197587308659793,0.33197587308659793,1,142,0.010294330868493549,9606,Homo sapiens,"","",MAL;MAL,P27986,"R-HSA-177931"
R-HSA-166058,"MyD88:MAL(TIRAP) cascade initiated on plasma membrane",1,119,2,472,0.007878707627118644,0.3433558015996292,0.3433558015996292,17,64,0.004639698419602726,9606,Homo sapiens,"MAL","P58753",MAL;MAL,Q9NWZ3;P58753;Q99836;Q06187,"R-HSA-166082;R-HSA-2201316;R-HSA-166119;R-HSA-2559456;R-HSA-166091;R-HSA-2201322;R-HSA-166286;R-HSA-937059;R-HSA-166284;R-HSA-937022;R-HSA-2559414;R-HSA-2262775;R-HSA-166362;R-HSA-937079;R-HSA-166363;R-HSA-166072;R-HSA-2262777"
R-HSA-3899300,"SUMOylation of transcription cofactors",1,44,0,524,0.002913135593220339,0.34386871056888924,0.34386871056888924,1,27,0.0019573727707699,9606,Homo sapiens,"MAL","",,,"R-HSA-3900070"
R-HSA-168179,"Toll Like Receptor TLR1:TLR2 Cascade",1,122,2,473,0.008077330508474576,0.34540517599451637,0.34540517599451637,17,66,0.004784688995215311,9606,Homo sapiens,"MAL","P58753",MAL;MAL,Q9NWZ3;P58753;Q99836;Q06187,"R-HSA-166082;R-HSA-2201316;R-HSA-166119;R-HSA-2559456;R-HSA-166091;R-HSA-2201322;R-HSA-166286;R-HSA-937059;R-HSA-166284;R-HSA-937022;R-HSA-2559414;R-HSA-2262775;R-HSA-166362;R-HSA-937079;R-HSA-166363;R-HSA-166072;R-HSA-2262777"
R-HSA-168188,"Toll Like Receptor TLR6:TLR2 Cascade",1,119,2,477,0.007878707627118644,0.34591657817484023,0.34591657817484023,17,66,0.004784688995215311,9606,Homo sapiens,"MAL","P58753",MAL;MAL,Q9NWZ3;P58753;Q99836;Q06187,"R-HSA-166082;R-HSA-2201316;R-HSA-166119;R-HSA-2559456;R-HSA-166091;R-HSA-2201322;R-HSA-166286;R-HSA-937059;R-HSA-166284;R-HSA-937022;R-HSA-2559414;R-HSA-2262775;R-HSA-166362;R-HSA-937079;R-HSA-166363;R-HSA-166072;R-HSA-2262777"
R-HSA-181438,"Toll Like Receptor 2 (TLR2) Cascade",1,122,2,477,0.008077330508474576,0.34744852946296223,0.34744852946296223,17,68,0.004929679570827896,9606,Homo sapiens,"MAL","P58753",MAL;MAL,Q9NWZ3;P58753;Q99836;Q06187,"R-HSA-166082;R-HSA-2201316;R-HSA-166119;R-HSA-2559456;R-HSA-166091;R-HSA-2201322;R-HSA-166286;R-HSA-937059;R-HSA-166284;R-HSA-937022;R-HSA-2559414;R-HSA-2262775;R-HSA-166362;R-HSA-937079;R-HSA-166363;R-HSA-166072;R-HSA-2262777"
R-HSA-6806003,"Regulation of TP53 Expression and Degradation",0,46,1,526,0.0030455508474576272,0.3515172399241214,0.3515172399241214,3,35,0.0025373350732202406,9606,Homo sapiens,"","",MAL,Q93009,"R-HSA-3222072;R-HSA-3215295;R-HSA-3215310"
R-HSA-5684996,"MAPK1/MAPK3 signaling",0,329,1,295,0.0217823093220339,0.3630821916575827,0.3630821916575827,1,82,0.005944613600115992,9606,Homo sapiens,"","",MAL,P06493,"R-HSA-112342"
R-HSA-5633008,"TP53 Regulates Transcription of Cell Death Genes",0,83,2,528,0.005495233050847458,0.36705907704419427,0.36705907704419427,2,68,0.004929679570827896,9606,Homo sapiens,"","",MAL;MAL,P29466;Q96FX8,"R-HSA-6798081;R-HSA-6800816"
R-HSA-1236394,"Signaling by ERBB4",0,82,1,524,0.005429025423728814,0.36854437462351186,0.36854437462351186,1,52,0.0037697549659272147,9606,Homo sapiens,"","",MT2A,P02649,"R-HSA-9612243"
R-HSA-71387,"Metabolism of carbohydrates",1,456,0,175,0.030190677966101694,0.38128024490909795,0.38128024490909795,5,243,0.0176163549369291,9606,Homo sapiens,"MAL","",,,"R-HSA-376851;R-HSA-71783;R-HSA-198440;R-HSA-372843;R-HSA-198508"
R-HSA-196854,"Metabolism of vitamins and cofactors",1,382,1,265,0.025291313559322032,0.38273411023455006,0.38273411023455006,3,204,0.01478903871248369,9606,Homo sapiens,"MAL","Q96EN8",MT2A,P02649,"R-HSA-947499;R-HSA-2423785;R-HSA-2429643"
R-HSA-446652,"Interleukin-1 family signaling",0,168,2,524,0.011122881355932203,0.38851748042726286,0.38851748042726286,8,80,0.005799623024503407,9606,Homo sapiens,"","",MAL;MAL,Q9NWZ3;O43187;P51617;P29466,"R-HSA-448678;R-HSA-446692;R-HSA-448673;R-HSA-446894;R-HSA-8948066;R-HSA-446684;R-HSA-446648;R-HSA-451561"
R-HSA-453279,"Mitotic G1 phase and G1/S transition",0,174,1,549,0.011520127118644068,0.399931561998222,0.399931561998222,1,101,0.007322024068435551,9606,Homo sapiens,"","",MAL,P06493,"R-HSA-8961934"
R-HSA-198933,"Immunoregulatory interactions between a Lymphoid and a non-Lymphoid cell",1,316,1,364,0.020921610169491525,0.40134413879204234,0.40134413879204234,3,44,0.003189792663476874,9606,Homo sapiens,"MAL","P01732",MAL,P78310;P26715,"R-HSA-199062;R-HSA-199093;R-HSA-198955"
R-HSA-4090294,"SUMOylation of intracellular receptors",0,40,1,656,0.0026483050847457626,0.41021803913410015,0.41021803913410015,1,25,0.0018123821951573148,9606,Homo sapiens,"","",AJUBA,P10276,"R-HSA-4341072"
R-HSA-4839726,"Chromatin organization",0,258,1,514,0.01708156779661017,0.41345604961520055,0.41345604961520055,2,85,0.00616209946353487,9606,Homo sapiens,"","",AJUBA,O14744,"R-HSA-3215391;R-HSA-3215406"
R-HSA-3247509,"Chromatin modifying enzymes",0,258,1,514,0.01708156779661017,0.41345604961520055,0.41345604961520055,2,85,0.00616209946353487,9606,Homo sapiens,"","",AJUBA,O14744,"R-HSA-3215391;R-HSA-3215406"
R-HSA-187037,"Signaling by NTRK1 (TRKA)",0,143,1,585,0.009467690677966102,0.41713614352799955,0.41713614352799955,4,102,0.007394519356241845,9606,Homo sapiens,"","",MAL,P11831,"R-HSA-9612514;R-HSA-9031610;R-HSA-9612076;R-HSA-9612509"
R-HSA-5687128,"MAPK6/MAPK4 signaling",0,106,1,615,0.007018008474576272,0.4175946242355083,0.4175946242355083,1,40,0.0028998115122517037,9606,Homo sapiens,"","",MAL,P06493,"R-HSA-5692755"
R-HSA-416476,"G alpha (q) signalling events",0,284,1,432,0.018802966101694914,0.4185105675587668,0.4185105675587668,2,35,0.0025373350732202406,9606,Homo sapiens,"","",MAL,Q06187,"R-HSA-8964280;R-HSA-8964340"
R-HSA-6807070,"PTEN Regulation",0,171,1,550,0.011321504237288135,0.4185105675587668,0.4185105675587668,1,56,0.0040597361171523854,9606,Homo sapiens,"","",MAL,Q93009,"R-HSA-6807118"
R-HSA-166016,"Toll Like Receptor 4 (TLR4) Cascade",1,152,2,613,0.010063559322033898,0.41942515499634636,0.41942515499634636,17,95,0.006887052341597796,9606,Homo sapiens,"MAL","P58753",MAL;MAL,Q9NWZ3;P58753;Q99836;Q06187,"R-HSA-166082;R-HSA-2201316;R-HSA-166119;R-HSA-2559456;R-HSA-166091;R-HSA-2201322;R-HSA-166286;R-HSA-937059;R-HSA-166284;R-HSA-937022;R-HSA-2559414;R-HSA-2262775;R-HSA-166362;R-HSA-937079;R-HSA-166363;R-HSA-166072;R-HSA-2262777"
R-HSA-8978868,"Fatty acid metabolism",1,431,0,292,0.028535487288135594,0.42578946003047224,0.42578946003047224,1,217,0.01573147745396549,9606,Homo sapiens,"MAL","",,,"R-HSA-75849"
R-HSA-72766,"Translation",0,339,1,407,0.022444385593220338,0.429396664829671,0.429396664829671,1,99,0.007177033492822967,9606,Homo sapiens,"","",AJUBA,O95363,"R-HSA-380203"
R-HSA-983169,"Class I MHC mediated antigen processing & presentation",1,479,0,272,0.03171345338983051,0.43119225901880176,0.43119225901880176,1,48,0.0034797738147020443,9606,Homo sapiens,"MAL","",,,"R-HSA-8863895"
R-HSA-69275,"G2/M Transition",1,212,1,625,0.014036016949152543,0.46006254408388636,0.46006254408388636,4,78,0.005654632448890822,9606,Homo sapiens,"AJUBA","Q96IF1",MAL,P06493,"R-HSA-170084;R-HSA-2574845;R-HSA-170057;R-HSA-2574840"
R-HSA-453274,"Mitotic G2-G2/M phases",1,214,1,625,0.014168432203389831,0.46091548603871213,0.46091548603871213,4,80,0.005799623024503407,9606,Homo sapiens,"AJUBA","Q96IF1",MAL,P06493,"R-HSA-170084;R-HSA-2574845;R-HSA-170057;R-HSA-2574840"
R-HSA-5617472,"Activation of anterior HOX genes in hindbrain development during early embryogenesis",1,116,0,695,0.007680084745762712,0.46091548603871213,0.46091548603871213,1,43,0.0031172973756705812,9606,Homo sapiens,"AJUBA","",,,"R-HSA-5617431"
R-HSA-5619507,"Activation of HOX genes during differentiation",1,116,0,695,0.007680084745762712,0.46091548603871213,0.46091548603871213,1,43,0.0031172973756705812,9606,Homo sapiens,"AJUBA","",,,"R-HSA-5617431"
R-HSA-977225,"Amyloid fiber formation",0,89,1,748,0.005892478813559322,0.4660065661947106,0.4660065661947106,5,33,0.0023923444976076554,9606,Homo sapiens,"","",MT2A,P37840;P02649,"R-HSA-976734;R-HSA-5661157;R-HSA-5660757;R-HSA-5658496;R-HSA-5661161"
R-HSA-168898,"Toll-like Receptor Cascades",1,189,3,692,0.012513241525423728,0.4685351038015514,0.4685351038015514,27,185,0.01341162824416413,9606,Homo sapiens,"MAL","P58753",MAL;MAL;MT2A,Q9NWZ3;P58753;Q99836;Q06187;P09429,"R-HSA-166082;R-HSA-2201316;R-HSA-975880;R-HSA-2559456;R-HSA-166091;R-HSA-975175;R-HSA-2201322;R-HSA-166286;R-HSA-166284;R-HSA-975873;R-HSA-2559414;R-HSA-2262775;R-HSA-166362;R-HSA-166363;R-HSA-2262777;R-HSA-6804100;R-HSA-6804099;R-HSA-166119;R-HSA-5432825;R-HSA-937059;R-HSA-937022;R-HSA-975866;R-HSA-975098;R-HSA-937079;R-HSA-166072;R-HSA-975156;R-HSA-6805981"
R-HSA-76002,"Platelet activation, signaling and aggregation",1,293,2,595,0.019398834745762712,0.4793624512971725,0.4793624512971725,2,116,0.00840945338552994,9606,Homo sapiens,"TOR4A","Q9NXH8",MAL;MAL,P27986,"R-HSA-481007;R-HSA-443402"
R-HSA-1280218,"Adaptive Immune System",2,1012,1,1241,0.0670021186440678,0.47943702630777973,0.47943702630777973,5,264,0.019138755980861243,9606,Homo sapiens,"MAL","P01732;P58753",MAL,P78310;Q06187;P26715,"R-HSA-8863895;R-HSA-9606151;R-HSA-199062;R-HSA-199093;R-HSA-198955"
R-HSA-382551,"Transport of small molecules",2,965,1,1205,0.06389036016949153,0.4804844067156073,0.4804844067156073,5,443,0.03211541249818762,9606,Homo sapiens,"SLC7A5;MAL","15589;Q01650",MT2A,P02649,"R-HSA-174739;R-HSA-1614546;R-HSA-266303;R-HSA-352232;R-HSA-372843"
R-HSA-9658195,"Leishmania infection",0,406,1,517,0.026880296610169493,0.49641532725811166,0.49641532725811166,2,95,0.006887052341597796,9606,Homo sapiens,"","",MAL,P29466,"R-HSA-448678;R-HSA-844612"
R-HSA-195258,"RHO GTPase Effectors",1,326,2,646,0.021583686440677968,0.5141021862309043,0.5141021862309043,8,113,0.008191967522111062,9606,Homo sapiens,"MAL","Q969V6",AJUBA;MAL,P11831;Q13526,"R-HSA-9626816;R-HSA-5666001;R-HSA-5666049;R-HSA-5665982;R-HSA-5665998;R-HSA-5666046;R-HSA-5665999;R-HSA-5666008"
R-HSA-9022692,"Regulation of MECP2 expression and activity",0,39,1,903,0.0025820974576271187,0.5183358231622317,0.5183358231622317,1,14,0.0010149340292880964,9606,Homo sapiens,"","",MT2A,P42858,"R-HSA-9023592"
R-HSA-166520,"Signaling by NTRKs",0,166,1,812,0.010990466101694915,0.5183358231622317,0.5183358231622317,4,164,0.011889227200231984,9606,Homo sapiens,"","",MAL,P11831,"R-HSA-9612514;R-HSA-9031610;R-HSA-9612076;R-HSA-9612509"
R-HSA-202733,"Cell surface interactions at the vascular wall",1,257,1,715,0.017015360169491525,0.5217738593709812,0.5217738593709812,2,65,0.0047121937074090185,9606,Homo sapiens,"SLC7A5","Q01650",MAL,P78310,"R-HSA-199093;R-HSA-375131"
R-HSA-5688426,"Deubiquitination",0,289,1,789,0.019134004237288137,0.5330679178886513,0.5330679178886513,1,77,0.005582137161084529,9606,Homo sapiens,"","",MAL,P06493,"R-HSA-8940100"
R-HSA-109582,"Hemostasis",2,803,2,1691,0.05316472457627119,0.5487413915281811,0.5487413915281811,4,334,0.024213426127301724,9606,Homo sapiens,"TOR4A;SLC7A5","Q9NXH8;Q01650",MAL;MAL,P78310;P27986,"R-HSA-199093;R-HSA-481007;R-HSA-443402;R-HSA-375131"
R-HSA-1257604,"PIP3 activates AKT signaling",0,321,1,775,0.021252648305084745,0.5584521695257767,0.5584521695257767,1,86,0.0062345947513411624,9606,Homo sapiens,"","",MAL,Q93009,"R-HSA-6807118"
R-HSA-8957322,"Metabolism of steroids",0,331,1,753,0.021914724576271187,0.563021005483139,0.563021005483139,1,245,0.017761345512541684,9606,Homo sapiens,"","",MAL,Q14973,"R-HSA-194121"
R-HSA-5633007,"Regulation of TP53 Activity",0,178,3,992,0.011784957627118644,0.5868672863132335,0.5868672863132335,5,98,0.007104538205016674,9606,Homo sapiens,"","",MAL;AJUBA;AJUBA,Q93009;Q13526;O14744,"R-HSA-3222072;R-HSA-8877692;R-HSA-6804379;R-HSA-3215295;R-HSA-3215310"
R-HSA-5683057,"MAPK family signaling cascades",0,380,1,845,0.025158898305084745,0.5960583588859343,0.5960583588859343,2,122,0.008844425112367696,9606,Homo sapiens,"","",MAL,P06493,"R-HSA-5692755;R-HSA-112342"
R-HSA-8864260,"Transcriptional regulation by the AP-2 (TFAP2) family of transcription factors",0,52,1,1128,0.0034427966101694915,0.597031619799296,0.597031619799296,1,44,0.003189792663476874,9606,Homo sapiens,"","",MT2A,P02649,"R-HSA-8869590"
R-HSA-9006925,"Intracellular signaling by second messengers",0,368,1,887,0.024364406779661018,0.6079087652012869,0.6079087652012869,1,114,0.008264462809917356,9606,Homo sapiens,"","",MAL,Q93009,"R-HSA-6807118"
R-HSA-8986944,"Transcriptional Regulation by MECP2",0,100,2,1220,0.0066207627118644065,0.6412368333214409,0.6412368333214409,2,77,0.005582137161084529,9606,Homo sapiens,"","",MAL;MT2A,P51617;P42858,"R-HSA-9023592;R-HSA-9615829"
R-HSA-194315,"Signaling by Rho GTPases",1,709,2,733,0.04694120762711865,0.657995389397507,0.657995389397507,8,203,0.014716543424677396,9606,Homo sapiens,"MAL","Q969V6",AJUBA;MAL,P11831;Q13526,"R-HSA-9626816;R-HSA-5666001;R-HSA-5666049;R-HSA-5665982;R-HSA-5665998;R-HSA-5666046;R-HSA-5665999;R-HSA-5666008"
R-HSA-8939211,"ESR-mediated signaling",0,257,1,1166,0.017015360169491525,0.6588275169942496,0.6588275169942496,1,112,0.008119472234304771,9606,Homo sapiens,"","",MAL,P11831,"R-HSA-9625479"
R-HSA-9716542,"Signaling by Rho GTPases, Miro GTPases and RHOBTB3",1,725,2,745,0.04800052966101695,0.6651441477299815,0.6651441477299815,8,212,0.01536900101493403,9606,Homo sapiens,"MAL","Q969V6",AJUBA;MAL,P11831;Q13526,"R-HSA-9626816;R-HSA-5666001;R-HSA-5666049;R-HSA-5665982;R-HSA-5665998;R-HSA-5666046;R-HSA-5665999;R-HSA-5666008"
R-HSA-112315,"Transmission across Chemical Synapses",0,343,1,1082,0.022709216101694914,0.6670446456324688,0.6670446456324688,6,163,0.011816731912425693,9606,Homo sapiens,"","",MAL,Q16623,"R-HSA-210426;R-HSA-380574;R-HSA-372505;R-HSA-380905;R-HSA-917744;R-HSA-374922"
R-HSA-381119,"Unfolded Protein Response (UPR)",0,155,1,1370,0.010262182203389831,0.6943615470794506,0.6943615470794506,4,94,0.006814557053791504,9606,Homo sapiens,"","",MAL,Q96BA8,"R-HSA-8874212;R-HSA-8874194;R-HSA-8874193;R-HSA-8874184"
R-HSA-9709957,"Sensory Perception",0,1262,1,287,0.08355402542372882,0.7034742362973865,0.7034742362973865,2,143,0.01036682615629984,9606,Homo sapiens,"","",MT2A,P02649,"R-HSA-2423785;R-HSA-2429643"
R-HSA-168256,"Immune System",4,2691,5,4153,0.1781647245762712,0.7185724929618723,0.7185724929618723,56,1625,0.11780484268522547,9606,Homo sapiens,"MT2A;MAL","ENSG00000125148;P01732;P58753;P02795",MAL;AJUBA;MAL;MAL;MT2A,Q92838;Q13526;Q15109;P78310;O43187;P09429;Q16623;Q9Y3Z3;P27986;P29466;Q99836;P51617;Q6UXL0;P26715;Q9NWZ3;P58753;Q06187,"R-HSA-936462;R-HSA-2424481;R-HSA-975880;R-HSA-166286;R-HSA-166284;R-HSA-975873;R-HSA-8863895;R-HSA-2559414;R-HSA-9606151;R-HSA-199062;R-HSA-1015702;R-HSA-448678;R-HSA-448673;R-HSA-198955;R-HSA-446894;R-HSA-9607224;R-HSA-1031716;R-HSA-5432825;R-HSA-1031713;R-HSA-937022;R-HSA-936380;R-HSA-199093;R-HSA-166072;R-HSA-975156;R-HSA-6805981;R-HSA-446648;R-HSA-879411;R-HSA-166082;R-HSA-5669012;R-HSA-2201316;R-HSA-844617;R-HSA-844618;R-HSA-3134953;R-HSA-2559456;R-HSA-844612;R-HSA-166091;R-HSA-975175;R-HSA-2201322;R-HSA-2262775;R-HSA-166362;R-HSA-166363;R-HSA-446684;R-HSA-2262777;R-HSA-449117;R-HSA-446692;R-HSA-6804100;R-HSA-6804099;R-HSA-166119;R-HSA-8948066;R-HSA-937059;R-HSA-448744;R-HSA-451561;R-HSA-9706340;R-HSA-975866;R-HSA-975098;R-HSA-937079"
R-HSA-112316,"Neuronal System",0,489,1,1156,0.03237552966101695,0.7200192035489029,0.7200192035489029,6,216,0.0156589821661592,9606,Homo sapiens,"","",MAL,Q16623,"R-HSA-210426;R-HSA-380574;R-HSA-372505;R-HSA-380905;R-HSA-917744;R-HSA-374922"
R-HSA-5357801,"Programmed Cell Death",0,238,1,1496,0.015757415254237288,0.7270651453006822,0.7270651453006822,1,197,0.01428157169783964,9606,Homo sapiens,"","",MT2A,P09429,"R-HSA-6805981"
R-HSA-388396,"GPCR downstream signalling",0,792,1,947,0.0524364406779661,0.7365626439481205,0.7365626439481205,6,173,0.012541684790488618,9606,Homo sapiens,"","",MAL,Q06187,"R-HSA-8964280;R-HSA-8964317;R-HSA-8964333;R-HSA-8964241;R-HSA-8964274;R-HSA-8964340"
R-HSA-5663202,"Diseases of signal transduction by growth factor receptors and second messengers",0,498,2,1369,0.03297139830508475,0.7444850624701922,0.7444850624701922,5,478,0.034652747571407856,9606,Homo sapiens,"","",MAL;MAL,P27986,"R-HSA-9698179;R-HSA-1839114;R-HSA-1839078;R-HSA-9712078;R-HSA-9703439"
R-HSA-9006931,"Signaling by Nuclear Receptors",0,387,2,1423,0.025622351694915255,0.7488812536488934,0.7488812536488934,2,193,0.01399159054661447,9606,Homo sapiens,"","",MAL;MT2A,P11831;P02649,"R-HSA-9031512;R-HSA-9625479"
R-HSA-69278,"Cell Cycle, Mitotic",1,596,1,1407,0.03945974576271186,0.7645946060787725,0.7645946060787725,7,352,0.025518341307814992,9606,Homo sapiens,"AJUBA","Q96IF1",MAL,P06493,"R-HSA-8961934;R-HSA-170084;R-HSA-2574845;R-HSA-170057;R-HSA-174255;R-HSA-174157;R-HSA-2574840"
R-HSA-3108232,"SUMO E3 ligases SUMOylate target proteins",1,183,1,1863,0.012115995762711865,0.7889214597837075,0.7889214597837075,2,131,0.00949688270262433,9606,Homo sapiens,"MAL","Q969V6",AJUBA,P10276,"R-HSA-4341072;R-HSA-3900070"
R-HSA-2990846,"SUMOylation",1,192,1,1898,0.012711864406779662,0.7953513533115311,0.7953513533115311,2,140,0.010149340292880962,9606,Homo sapiens,"MAL","Q969V6",AJUBA,P10276,"R-HSA-4341072;R-HSA-3900070"
R-HSA-1280215,"Cytokine Signaling in Immune system",2,1094,4,2929,0.0724311440677966,0.7963655736571882,0.7963655736571882,17,710,0.05147165434246774,9606,Homo sapiens,"MT2A","ENSG00000125148;P02795",MAL;AJUBA;MAL;MAL,Q92838;Q13526;O43187;P51617;Q6UXL0;Q16623;Q9NWZ3;Q9Y3Z3;P27986;P29466,"R-HSA-448678;R-HSA-936462;R-HSA-5669012;R-HSA-446692;R-HSA-448673;R-HSA-446894;R-HSA-9607224;R-HSA-8948066;R-HSA-1031716;R-HSA-448744;R-HSA-1031713;R-HSA-451561;R-HSA-9706340;R-HSA-1015702;R-HSA-446684;R-HSA-449117;R-HSA-446648"
R-HSA-199991,"Membrane Trafficking",0,668,1,1495,0.04422669491525424,0.7979051717408111,0.7979051717408111,3,219,0.015876468029578077,9606,Homo sapiens,"","",MAL,P08034,"R-HSA-190693;R-HSA-190681;R-HSA-190687"
R-HSA-3700989,"Transcriptional Regulation by TP53",0,487,4,1732,0.03224311440677966,0.8119776609856859,0.8119776609856859,9,259,0.018776279541829782,9606,Homo sapiens,"","",MAL;AJUBA;AJUBA;MAL,Q13526;P31947;Q93009;O14744;P29466;Q96FX8,"R-HSA-6803890;R-HSA-6798081;R-HSA-6800816;R-HSA-6803871;R-HSA-3222072;R-HSA-8877692;R-HSA-6804379;R-HSA-3215295;R-HSA-3215310"
R-HSA-422475,"Axon guidance",1,585,0,1659,0.03873146186440678,0.8148039000187342,0.8148039000187342,1,298,0.021603595766275192,9606,Homo sapiens,"RGMA","",,,"R-HSA-374692"
R-HSA-5653656,"Vesicle-mediated transport",0,828,1,1524,0.05481991525423729,0.8263019672132565,0.8263019672132565,3,252,0.01826881252718573,9606,Homo sapiens,"","",MAL,P08034,"R-HSA-190693;R-HSA-190681;R-HSA-190687"
R-HSA-372790,"Signaling by GPCR",0,871,1,1473,0.057666843220338986,0.8322224271763428,0.8322224271763428,6,360,0.02609830361026533,9606,Homo sapiens,"","",MAL,Q06187,"R-HSA-8964280;R-HSA-8964317;R-HSA-8964333;R-HSA-8964241;R-HSA-8964274;R-HSA-8964340"
R-HSA-1266738,"Developmental Biology",2,1263,2,3108,0.08362023305084745,0.8376297054475299,0.8376297054475299,4,556,0.04030738002029868,9606,Homo sapiens,"AJUBA;RGMA","Q96IF1;Q96B86",MAL;AJUBA,Q99684;Q96FX8,"R-HSA-6814695;R-HSA-374692;R-HSA-5617431;R-HSA-9634446"
R-HSA-9675108,"Nervous system development",1,621,0,1811,0.041114936440677964,0.8414903443447038,0.8414903443447038,1,324,0.0234884732492388,9606,Homo sapiens,"RGMA","",,,"R-HSA-374692"
R-HSA-597592,"Post-translational protein modification",2,1605,2,2988,0.10626324152542373,0.8587860017433991,0.8587860017433991,4,538,0.039002464839785415,9606,Homo sapiens,"MAL;PIGG","Q5H8A4;Q969V6",AJUBA;MAL,P10276;P06493,"R-HSA-4341072;R-HSA-162742;R-HSA-8940100;R-HSA-3900070"
R-HSA-1640170,"Cell Cycle",1,734,1,2046,0.04859639830508475,0.865221442143139,0.865221442143139,7,451,0.03269537480063796,9606,Homo sapiens,"AJUBA","Q96IF1",MAL,P06493,"R-HSA-8961934;R-HSA-170084;R-HSA-2574845;R-HSA-170057;R-HSA-174255;R-HSA-174157;R-HSA-2574840"
R-HSA-1430728,"Metabolism",3,3639,2,2593,0.24092955508474576,0.8666196468479966,0.8666196468479966,18,2250,0.16311439756415833,9606,Homo sapiens,"SLC7A5;MAL","Q96EN8;15589;Q01650",MAL;MT2A,Q14973;P02649,"R-HSA-70979;R-HSA-947499;R-HSA-9012268;R-HSA-71783;R-HSA-70982;R-HSA-75849;R-HSA-1614546;R-HSA-194121;R-HSA-198440;R-HSA-352232;R-HSA-2423785;R-HSA-9012036;R-HSA-2429643;R-HSA-372843;R-HSA-198508;R-HSA-9012349;R-HSA-376851;R-HSA-451033"
R-HSA-449147,"Signaling by Interleukins",0,645,3,2141,0.042703919491525424,0.8755776882052307,0.8755776882052307,10,493,0.03574017688850225,9606,Homo sapiens,"","",MAL;MAL;MAL,O43187;P51617;Q6UXL0;Q16623;Q9NWZ3;P29466,"R-HSA-448678;R-HSA-446692;R-HSA-448673;R-HSA-446894;R-HSA-8948066;R-HSA-446684;R-HSA-449117;R-HSA-448744;R-HSA-446648;R-HSA-451561"
R-HSA-9006934,"Signaling by Receptor Tyrosine Kinases",0,620,4,2439,0.041048728813559324,0.9011327250341084,0.9011327250341084,6,746,0.054081484703494276,9606,Homo sapiens,"","",MAL;MAL;MAL;MT2A,P11831;P02649;P27986,"R-HSA-9612514;R-HSA-9612243;R-HSA-9031610;R-HSA-177931;R-HSA-9612076;R-HSA-9612509"
R-HSA-556833,"Metabolism of lipids",1,1446,1,1678,0.09573622881355932,0.9149058774627667,0.9149058774627667,2,955,0.06923299985500943,9606,Homo sapiens,"MAL","15589",MAL,Q14973,"R-HSA-75849;R-HSA-194121"
R-HSA-168249,"Innate Immune System",1,1338,5,2051,0.08858580508474577,0.9220322618929098,0.9220322618929098,35,710,0.05147165434246774,9606,Homo sapiens,"MAL","P58753",MAL;AJUBA;MAL;MAL;MT2A,Q13526;Q15109;Q99836;P09429;Q9NWZ3;P58753;Q06187;P29466,"R-HSA-166082;R-HSA-936462;R-HSA-2201316;R-HSA-844617;R-HSA-2424481;R-HSA-844618;R-HSA-975880;R-HSA-3134953;R-HSA-2559456;R-HSA-844612;R-HSA-166091;R-HSA-975175;R-HSA-2201322;R-HSA-166286;R-HSA-166284;R-HSA-975873;R-HSA-2559414;R-HSA-2262775;R-HSA-166362;R-HSA-166363;R-HSA-2262777;R-HSA-6804100;R-HSA-6804099;R-HSA-166119;R-HSA-5432825;R-HSA-937059;R-HSA-937022;R-HSA-936380;R-HSA-975866;R-HSA-975098;R-HSA-937079;R-HSA-166072;R-HSA-975156;R-HSA-6805981;R-HSA-879411"
R-HSA-2262752,"Cellular responses to stress",1,1001,2,2777,0.0662738347457627,0.9468130161432258,0.9468130161432258,11,444,0.03218790778599391,9606,Homo sapiens,"AJUBA","Q96IF1",MAL;MAL,O00206;Q96BA8,"R-HSA-1234163;R-HSA-1234179;R-HSA-8874212;R-HSA-1234177;R-HSA-8874194;R-HSA-1234183;R-HSA-8874193;R-HSA-1234159;R-HSA-8874184;R-HSA-9707659;R-HSA-1234173"
R-HSA-392499,"Metabolism of proteins",2,2212,4,4090,0.1464512711864407,0.9546365748192343,0.9546365748192343,10,810,0.058721183123097,9606,Homo sapiens,"MAL;PIGG","Q5H8A4;Q969V6",AJUBA;AJUBA;MAL;MT2A,O95363;P02649;P06493;P37840;P10276,"R-HSA-976734;R-HSA-4341072;R-HSA-5661157;R-HSA-5660757;R-HSA-162742;R-HSA-5658496;R-HSA-8940100;R-HSA-3900070;R-HSA-380203;R-HSA-5661161"
R-HSA-5663205,"Infectious disease",0,1574,1,3290,0.10421080508474577,0.9776913567134979,0.9776913567134979,2,825,0.05980861244019139,9606,Homo sapiens,"","",MAL,P29466,"R-HSA-448678;R-HSA-844612"
R-HSA-212436,"Generic Transcription Pathway",0,1555,6,4654,0.10295286016949153,0.9933269326865894,0.9933269326865894,12,830,0.06017108887922285,9606,Homo sapiens,"","",MAL;AJUBA;MAL;AJUBA;MAL;MT2A,Q13526;P31947;P51617;P42858;Q93009;P02649;O14744;P29466;Q96FX8,"R-HSA-9023592;R-HSA-8869590;R-HSA-6803890;R-HSA-6798081;R-HSA-9615829;R-HSA-6800816;R-HSA-6803871;R-HSA-3222072;R-HSA-8877692;R-HSA-6804379;R-HSA-3215295;R-HSA-3215310"
R-HSA-73857,"RNA Polymerase II Transcription",0,1697,6,4792,0.11235434322033898,0.9946360959265341,0.9946360959265341,12,891,0.0645933014354067,9606,Homo sapiens,"","",MAL;AJUBA;MAL;AJUBA;MAL;MT2A,Q13526;P31947;P51617;P42858;Q93009;P02649;O14744;P29466;Q96FX8,"R-HSA-9023592;R-HSA-8869590;R-HSA-6803890;R-HSA-6798081;R-HSA-9615829;R-HSA-6800816;R-HSA-6803871;R-HSA-3222072;R-HSA-8877692;R-HSA-6804379;R-HSA-3215295;R-HSA-3215310"
R-HSA-74160,"Gene expression (Transcription)",0,1860,6,5016,0.12314618644067797,0.9960354507709173,0.9960354507709173,12,1006,0.07293025953313034,9606,Homo sapiens,"","",MAL;AJUBA;MAL;AJUBA;MAL;MT2A,Q13526;P31947;P51617;P42858;Q93009;P02649;O14744;P29466;Q96FX8,"R-HSA-9023592;R-HSA-8869590;R-HSA-6803890;R-HSA-6798081;R-HSA-9615829;R-HSA-6800816;R-HSA-6803871;R-HSA-3222072;R-HSA-8877692;R-HSA-6804379;R-HSA-3215295;R-HSA-3215310"
R-HSA-1643685,"Disease",1,2651,3,4966,0.1755164194915254,0.9980099360299404,0.9980099360299404,12,1708,0.12382195157314775,9606,Homo sapiens,"MAL","P58753",MAL;MAL;MAL,Q9NWZ3;Q99836;P27986;P29466,"R-HSA-448678;R-HSA-9698179;R-HSA-5602353;R-HSA-5602672;R-HSA-1839114;R-HSA-844612;R-HSA-5602383;R-HSA-1839078;R-HSA-9712078;R-HSA-5602606;R-HSA-9703439;R-HSA-5602472"
R-HSA-162582,"Signal Transduction",1,3013,6,6436,0.1994835805084746,0.9996490546256239,0.9996490546256239,25,2465,0.17870088444251123,9606,Homo sapiens,"MAL","Q969V6",MAL;AJUBA;MAL;MAL;MAL;MT2A,Q13526;P11831;Q93009;P02649;P06493;P27986;Q06187,"R-HSA-9612243;R-HSA-5692755;R-HSA-5666001;R-HSA-177931;R-HSA-5666008;R-HSA-9612509;R-HSA-9031512;R-HSA-9626816;R-HSA-8964317;R-HSA-9625479;R-HSA-5666049;R-HSA-112342;R-HSA-5665998;R-HSA-5665999;R-HSA-8964241;R-HSA-8964333;R-HSA-5665982;R-HSA-5666046;R-HSA-6807118;R-HSA-8964280;R-HSA-9612514;R-HSA-9031610;R-HSA-8964274;R-HSA-8964340;R-HSA-9612076"
