Genes,Pathway name,Reference,P-Value
ANXA1;BCL2,Interleukin-4 and Interleukin-13 signaling,Reactom,0.0021
FABP5;ME1,PPAR signaling pathway WP3942,WikiPathway,0.0031
ME1,TCA cycle in senescence WP5050,WikiPathway,0.0124
CAV3;BCL2,Fluid shear stress and atherosclerosis,KEGG,0.0129
HERC2;RNF8,G2/M DNA damage checkpoint,Reactom,0.0129
ME1;SLC5A12,NRF2 pathway WP2884,WikiPathway,0.0142
BCL2;HORMAD1,Male infertility WP4673,WikiPathway,0.0142
SRSF1;DDX42,Spliceosome,KEGG,0.0149
LGR4,Relaxin receptors,Reactom,0.0151
ANXA1;BCL2,Integrated breast cancer pathway WP1984,WikiPathway,0.0153
ANXA1;CAV3,Smooth Muscle Contraction,Reactom,0.0161
SENP2;LGR4,Wnt signaling pathway,KEGG,0.0181
SRSF1;DDX42,mRNA Splicing - Minor Pathway,Reactom,0.0196
FABP5,Fatty acid transporters WP5061,WikiPathway,0.0222
BCL2,TP53 network WP1742,WikiPathway,0.0234
CAV3;BCL2,Focal adhesion,KEGG,0.0259
FGFBP3,FGFR2b ligand binding and activation,Reactom,0.027
SLC5A12,Multifunctional anion exchangers,Reactom,0.03
EXOSC7,mRNA decay by 3' to 5' exoribonuclease,Reactom,0.0403
