cluster1,cluster2,cluster3,,Partition Coefficient,Partition Entropy,Fakuyama & Sugeno,Xie & Beni Index,Rezaee et al,Silhouette,DaviesBouldin,CalinskiHarabasz,Rand Index
YAL012W,YDR380W,YAL025C,,0.33537,1.0956,1198.8572,33.3464,0.25503,0.71682,0.84918,510.296,NaN
YLR153c,YGL171W,YAL036C,,,,,,,,,,
YML008C,YAL018C,YAL040C,,,,,,,,,,
YNL142W,YBL009W,YDL037c,,Cluster Number,m,Alpha,,,,,,
YOL019W,YBL078C,YDR184C,,3,1.6029,2.1072,,,,,,
YOR018W,YBL084C,YDR299W,,,,,,,,,,
YOR375C,YBR045C,YDR398W,,,,,,,,,,
YAL062W,YBR063C,YER006w,,,,,,,,,,
YAR007C,YBR064W,YER064c,,,,,,,,,,
YDR256C,YBR148W,YER126c,,,,,,,,,,
YER024w,YBR184W,YIL122W,,,,,,,,,,
YER179w,YBR233W,YIL133C,,,,,,,,,,
YHR208W,YBR250W,YKL009W,,,,,,,,,,
YIL121W,YBR268W,YKL143W,,,,,,,,,,
YJR152W,YCL048W,YLR175W,,,,,,,,,,
YKL120W,YCLX03C,YLR196W,,,,,,,,,,
YKR033C,YCR002c,YLR222C,,,,,,,,,,
YKR034W,YCRX06W,YLR062C,,,,,,,,,,
YLL027W,YCRX07W,YLR129w,,,,,,,,,,
YLR438W,YDL008w,YLL011w,,,,,,,,,,
YML042W,YDL103C,YMR093W,,,,,,,,,,
YMR147W,YDL114w,YMR131C,,,,,,,,,,
YOR100C,YDL154W,YMR217W,,,,,,,,,,
YPL111W,YDL155W,YNL060C,,,,,,,,,,
,YDL186w,YNL061W,,,,,,,,,,
,YDL187c,YNL062C,,,,,,,,,,
,YDL239c,YNL174W,,,,,,,,,,
,YDR042C,YNL175C,,,,,,,,,,
,YDR065w,YNR038W,,,,,,,,,,
,YDR104C,YNR053C,,,,,,,,,,
,YDR113C,YOR051C,,,,,,,,,,
,YDR117C,YOL077C,,,,,,,,,,
,YDR118W,YOR206W,,,,,,,,,,
,YDR177W,YOR306C,,,,,,,,,,
,YDR191W,YOR309C,,,,,,,,,,
,YDR218C,YOR310C,,,,,,,,,,
,YDR253C,YOR312C,,,,,,,,,,
,YDR260C,YPL012W,,,,,,,,,,
,YDR263C,YBR072W,,,,,,,,,,
,YDR263C,YBR196C,,,,,,,,,,
,YDR273W,YCR012w,,,,,,,,,,
,YDR273W,YCR013C,,,,,,,,,,
,YDR317W,YDL234C,,,,,,,,,,
,YDR326C,YDR050C,,,,,,,,,,
,YDR355C,YDR258C,,,,,,,,,,
,YDR371W,YER049w,,,,,,,,,,
,YDR402C,YER067w,,,,,,,,,,
,YDR403W,YER130c,,,,,,,,,,
,YDR438W,YER150w,,,,,,,,,,
,YDR508C,YFR053C,,,,,,,,,,
,YDR516C,YFR055W,,,,,,,,,,
,YDR522C,YFR056C,,,,,,,,,,
,YDR523C,YGL055W,,,,,,,,,,
,YEL016c,YGL253W,,,,,,,,,,
,YEL023c,YGR142W,,,,,,,,,,
,YEL061c,YGR146C,,,,,,,,,,
,YER003c,YGR192C,,,,,,,,,,
,YER085c,YGR211W,,,,,,,,,,
,YER096w,YHR030C,,,,,,,,,,
,YER106w,YHR064C,,,,,,,,,,
,YER115c,YHR174W,,,,,,,,,,
,YER180c,YJL052W,,,,,,,,,,
,YER182w,YJL107C,,,,,,,,,,
,YFL011W,YJL108C,,,,,,,,,,
,YFL012W,YJL165C,,,,,,,,,,
,YFL040W,YJR009C,,,,,,,,,,
,YFR012W,YJR045C,,,,,,,,,,
,YFR023W,YJR078W,,,,,,,,,,
,YFR028C,YKL060C,,,,,,,,,,
,YFR032C,YKL152C,,,,,,,,,,
,YGL015C,YKL153W,,,,,,,,,,
,YGL116W,YKR016W,,,,,,,,,,
,YGL138C,YLR194C,,,,,,,,,,
,YGL162W,YLR044c,,,,,,,,,,
,YGL170C,YLR089C,,,,,,,,,,
,YGL180W,YLR136c,,,,,,,,,,
,YGL230C,YKR061W,,,,,,,,,,
,YGR059W,YKR080W,,,,,,,,,,
,YGR108W,YLL026w,,,,,,,,,,
,YGR109C,YLR359W,,,,,,,,,,
,YGR110W,YLR414C,,,,,,,,,,
,YGR185C,YML038C,,,,,,,,,,
,YGR202C,YMR039C,,,,,,,,,,
,YGR224W,YNL160W,,,,,,,,,,
,YGR225W,YNR033W,,,,,,,,,,
,YGR226C,YOL158C,,,,,,,,,,
,YGR228W,YOR036W,,,,,,,,,,
,YGR229C,YOL059W,,,,,,,,,,
,YGR266W,YOR178C,,,,,,,,,,
,YGR273C,YOR197W,,,,,,,,,,
,YHL012W,YOR207C,,,,,,,,,,
,YHR015W,YOR208W,,,,,,,,,,
,YHR124W,YOR209C,,,,,,,,,,
,YHR150W,YOR299W,,,,,,,,,,
,YHR152W,YOR344C,,,,,,,,,,
,YHR166C,YOR385W,,,,,,,,,,
,YHR184W,YOR389W,,,,,,,,,,
,YHR185C,YPL057C,,,,,,,,,,
,YIL045W,YPL106C,,,,,,,,,,
,YIL057C,YPL277C,,,,,,,,,,
,YIL099W,YPL278C,,,,,,,,,,
,YIL112W,YPR030W,,,,,,,,,,
,YIL139C,YPR074C,,,,,,,,,,
,YIL144W,YDR055w,,,,,,,,,,
,YIL159W,YDR129C,,,,,,,,,,
,YIR013C,YDR497C,,,,,,,,,,
,YJL037W,YER158c,,,,,,,,,,
,YJL038C,YGL179C,,,,,,,,,,
,YJL160C,YGR189C,,,,,,,,,,
,YJR036C,YHL021C,,,,,,,,,,
,YJR099W,YJL159W,,,,,,,,,,
,YJR119C,YJL167W,,,,,,,,,,
,YKL022C,YJL171C,,,,,,,,,,
,YKL042W,YJL213W,,,,,,,,,,
,YKL096W,YJR121W,,,,,,,,,,
,YKL104C,YKL164C,,,,,,,,,,
,YKL107W,YKL185W,,,,,,,,,,
,YKL189W,YKL193C,,,,,,,,,,
,YKR005C,YKL218C,,,,,,,,,,
,YLR195C,YKR013W,,,,,,,,,,
,YLR209C,YLR257W,,,,,,,,,,
,YLR210W,YLR258W,,,,,,,,,,
,YLR213C,YLR300W,,,,,,,,,,
,YLR220W,YLR377C,,,,,,,,,,
,YLR227C,YLR392C,,,,,,,,,,
,YLR012C,YMR058W,,,,,,,,,,
,YLR013W,YMR104C,,,,,,,,,,
,YLR030W,YMR295C,,,,,,,,,,
,YLR045c,YMR305C,,,,,,,,,,
,YLR049C,YNL015W,,,,,,,,,,
,YLR054C,YNL074C,,,,,,,,,,
,YKR089C,YNL274C,,,,,,,,,,
,YLL004w,YOR128C,,,,,,,,,,
,YLL005C,YOR358W,,,,,,,,,,
,YLL012W,YPL061W,,,,,,,,,,
,YLR265C,YPL104W,,,,,,,,,,
,YLR273C,YAL038W,,,,,,,,,,
,YLR274W,YBL072C,,,,,,,,,,
,YLR290C,YBR005W,,,,,,,,,,
,YLR307W,YBR031W,,,,,,,,,,
,YLR308W,YBR181C,,,,,,,,,,
,YLR314C,YCL064c,,,,,,,,,,
,YLR341W,YDL082w,,,,,,,,,,
,YLR343W,YDR011W,,,,,,,,,,
,YLR368W,YDR012W,,,,,,,,,,
,YML034W,YDR382W,,,,,,,,,,
,YML065W,YDR417C,,,,,,,,,,
,YML119W,YDR418W,,,,,,,,,,
,YMR001C,YDR471W,,,,,,,,,,
,YMR017W,YEL054c,,,,,,,,,,
,YMR118C,YER020w,,,,,,,,,,
,YMR125W,YER056c-a,,,,,,,,,,
,YMR184W,YER074w,,,,,,,,,,
,YMR188C,YER102w,,,,,,,,,,
,YMR232W,YFR031BC,,,,,,,,,,
,YMR272C,YGL031C,,,,,,,,,,
,YNL013C,YGL076C,,,,,,,,,,
,YNL014W,YGR085C,,,,,,,,,,
,YNL018C,YGR148C,,,,,,,,,,
,YNL019C,YHL015W,,,,,,,,,,
,YNL033W,YHR010W,,,,,,,,,,
,YNL034W,YHR203C,,,,,,,,,,
,YNL128W,YIL018W,,,,,,,,,,
,YNL155W,YIL052C,,,,,,,,,,
,YNL204C,YJL177W,,,,,,,,,,
,YNL205C,YJR123W,,,,,,,,,,
,YNL219C,YJR145C,,,,,,,,,,
,YNL225C,YKL056C,,,,,,,,,,
,YNL318C,YLL044W,,,,,,,,,,
,YNL319W,YLL045c,,,,,,,,,,
,YNR034W,YLR058c,,,,,,,,,,
,YOL015W,YLR075w,,,,,,,,,,
,YOR073W,YLR076C,,,,,,,,,,
,YOL132W,YLR134w,,,,,,,,,,
,YOR033C,YKR097W,,,,,,,,,,
,YOL024W,YLR325C,,,,,,,,,,
,YOL047C,YLR339C,,,,,,,,,,
,YOL091W,YLR441C,,,,,,,,,,
,YOR152C,YLR448W,,,,,,,,,,
,YOR190W,YML063W,,,,,,,,,,
,YOR214C,YMR242C,,,,,,,,,,
,YOR242C,YMR316W,,,,,,,,,,
,YOR249C,YNL069C,,,,,,,,,,
,YOR255W,YNL096C,,,,,,,,,,
,YOR298W,YNL098C,,,,,,,,,,
,YOR313C,YNL119W,,,,,,,,,,
,YOR339C,YNL178W,,,,,,,,,,
,YOR355W,YNL301C,,,,,,,,,,
,YOR365C,YOL010W,,,,,,,,,,
,YOR366W,YOL016C,,,,,,,,,,
,YPL021W,YOR096W,,,,,,,,,,
,YPL027W,YOL120C,,,,,,,,,,
,YPL033C,YOL039W,,,,,,,,,,
,YPL034W,YOL040C,,,,,,,,,,
,YPL124W,YPL079W,,,,,,,,,,
,YPL130W,YPL081W,,,,,,,,,,
,YPL178W,YPL090C,,,,,,,,,,
,YPR027C,YPL131W,,,,,,,,,,
,YPR077C,YPL198W,,,,,,,,,,
,YPR078C,,,,,,,,,,,
,YPR120C,,,,,,,,,,,
,YPR140W,,,,,,,,,,,
,YPR141C,,,,,,,,,,,
,YAL067C,,,,,,,,,,,
,YBR186W,,,,,,,,,,,
,YCR010C,,,,,,,,,,,
,YDR015c,,,,,,,,,,,
,YDR285W,,,,,,,,,,,
,YDR374C,,,,,,,,,,,
,YDR446W,,,,,,,,,,,
,YER044c-a,,,,,,,,,,,
,YFL003C,,,,,,,,,,,
,YGL009C,,,,,,,,,,,
,YGL033W,,,,,,,,,,,
,YGL081W,,,,,,,,,,,
,YGL183C,,,,,,,,,,,
,YGL249W,,,,,,,,,,,
,YGL251C,,,,,,,,,,,
,YHL022C,,,,,,,,,,,
,YHL024W,,,,,,,,,,,
,YHR014W,,,,,,,,,,,
,YHR079C-B,,,,,,,,,,,
,YHR153C,,,,,,,,,,,
,YHR157W,,,,,,,,,,,
,YHR202W,,,,,,,,,,,
,YIL031W,,,,,,,,,,,
,YIL072W,,,,,,,,,,,
,YJL074C,,,,,,,,,,,
,YJL106W,,,,,,,,,,,
,YLL046c,,,,,,,,,,,
,YLL047W,,,,,,,,,,,
,YLR096w,,,,,,,,,,,
,YKR066C,,,,,,,,,,,
,YLR263W,,,,,,,,,,,
,YLR312C,,,,,,,,,,,
,YLR445W,,,,,,,,,,,
,YML091C,,,,,,,,,,,
,YMR133W,,,,,,,,,,,
,YMR148W,,,,,,,,,,,
,YMR198W,,,,,,,,,,,
,YNL116W,,,,,,,,,,,
,YNL196C,,,,,,,,,,,
,YOL131W,,,,,,,,,,,
,YOL104C,,,,,,,,,,,
,YOR177C,,,,,,,,,,,
,YOR350C,,,,,,,,,,,
,YOR351C,,,,,,,,,,,
,YPL121C,,,,,,,,,,,
,YPL208W,,,,,,,,,,,
,YPR007C,,,,,,,,,,,
,YHR139C,,,,,,,,,,,
